tweet_id,retweet_count,favorite_count,full_text,timestamp,expanded_urls,rating_numerator,rating_denominator,name,dog_stage,jpg_url,img_num,p1,p1_conf,p1_dog,p2,p2_conf,p2_dog,p3,p3_conf,p3_dog
890240255349198849,6101,27972,This is Cassie. She is a college pup. Studying international doggo communication and stick theory. 14/10 so elegant much sophisticate https://t.co/t1bfwz5S2A,2017-07-26 15:59:51+00:00,https://twitter.com/dog_rates/status/890240255349198849/photo/1,14,10,Cassie,doggo,https://pbs.twimg.com/media/DFrEyVuW0AAO3t9.jpg,1,Pembroke,0.511319,True,Cardigan,0.451038,True,Chihuahua,0.0292482,True
889665388333682689,8353,42075,Here's a puppo that seems to be on the fence about something haha no but seriously someone help her. 13/10 https://t.co/BxvuXk0UCm,2017-07-25 01:55:32+00:00,https://twitter.com/dog_rates/status/889665388333682689/photo/1,13,10,None,puppo,https://pbs.twimg.com/media/DFi579UWsAAatzw.jpg,1,Pembroke,0.966327,True,Cardigan,0.0273557,True,basenji,0.00463323,True
889531135344209921,1884,13355,This is Stuart. He's sporting his favorite fanny pack. Secretly filled with bones only. 13/10 puppared puppo #BarkWeek https://t.co/y70o6h3isq,2017-07-24 17:02:04+00:00,https://twitter.com/dog_rates/status/889531135344209921/photo/1,13,10,Stuart,puppo,https://pbs.twimg.com/media/DFg_2PVW0AEHN3p.jpg,1,golden_retriever,0.953442,True,Labrador_retriever,0.0138341,True,redbone,0.00795775,True
886366144734445568,2631,18556,This is Roscoe. Another pupper fallen victim to spontaneous tongue ejections. Get the BlepiPen immediate. 12/10 deep breaths Roscoe https://t.co/RGE08MIJox,2017-07-15 23:25:31+00:00,"https://twitter.com/dog_rates/status/886366144734445568/photo/1,https://twitter.com/dog_rates/status/886366144734445568/photo/1",12,10,Roscoe,pupper,https://pbs.twimg.com/media/DE0BTnQUwAApKEH.jpg,1,French_bulldog,0.999201,True,Chihuahua,0.000361178,True,Boston_bull,7.55616e-05,True
884162670584377345,2506,17948,Meet Yogi. He doesn't have any important dog meetings today he just enjoys looking his best at all times. 12/10 for dangerously dapper doggo https://t.co/YSI00BzTBZ,2017-07-09 21:29:42+00:00,https://twitter.com/dog_rates/status/884162670584377345/photo/1,12,10,Yogi,doggo,https://pbs.twimg.com/media/DEUtQbzW0AUTv_o.jpg,1,German_shepherd,0.707046,True,malinois,0.199396,True,Norwegian_elkhound,0.0491476,True
883360690899218434,3084,19959,Meet Grizzwald. He may be the floofiest floofer I ever did see. Lost eyes saving a schoolbus from a volcano erpuption. 13/10 heroic as h*ck https://t.co/rf661IFEYP,2017-07-07 16:22:55+00:00,https://twitter.com/dog_rates/status/883360690899218434/photo/1,13,10,Grizzwald,floofer,https://pbs.twimg.com/media/DEJT3FeXoAAtwUy.jpg,1,chow,0.987997,True,Tibetan_mastiff,0.00709872,True,Newfoundland,0.00214033,True
882762694511734784,4100,24806,This is Gus. He's quite the cheeky pupper. Already perfected the disinterested wink. 12/10 would let steal my girl https://t.co/D43I96SlVu,2017-07-06 00:46:41+00:00,https://twitter.com/dog_rates/status/882762694511734784/photo/1,12,10,Gus,pupper,https://pbs.twimg.com/media/DEAz_HHXsAA-p_z.jpg,1,Labrador_retriever,0.85005,True,Chesapeake_Bay_retriever,0.074257,True,flat-coated_retriever,0.0155793999999999,True
878776093423087618,3437,17142,This is Snoopy. He's a proud #PrideMonthPuppo. Impeccable handwriting for not having thumbs. 13/10 would love back #PrideMonth https://t.co/lNZwgNO4gS,2017-06-25 00:45:22+00:00,"https://twitter.com/dog_rates/status/878776093423087618/photo/1,https://twitter.com/dog_rates/status/878776093423087618/photo/1",13,10,Snoopy,puppo,https://pbs.twimg.com/media/DDIKMXzW0AEibje.jpg,2,Italian_greyhound,0.734684,True,whippet,0.1504869999999999,True,Ibizan_hound,0.0397246,True
877611172832227328,70,0,RT @rachel2195: @dog_rates the boyfriend and his soaking wet pupper h*cking love his new hat 14/10 https://t.co/dJx4Gzc50G,2017-06-21 19:36:23+00:00,"https://twitter.com/rachel2195/status/876850772322988033/photo/1,https://twitter.com/rachel2195/status/876850772322988033/photo/1,https://twitter.com/rachel2195/status/876850772322988033/photo/1,https://twitter.com/rachel2195/status/876850772322988033/photo/1",14,10,None,pupper,https://pbs.twimg.com/media/DCszHgmW0AAmIpT.jpg,1,Irish_setter,0.3647289999999999,True,golden_retriever,0.202907,True,Irish_terrier,0.107473,True
876838120628539392,2806,18222,This is Ginger. She's having a ruff Monday. Too many pupper things going on. H*ckin exhausting. 12/10 would snug passionately https://t.co/j211oCDRs6,2017-06-19 16:24:33+00:00,"https://twitter.com/dog_rates/status/876838120628539392/photo/1,https://twitter.com/dog_rates/status/876838120628539392/photo/1",12,10,Ginger,pupper,https://pbs.twimg.com/media/DCsnnZsVwAEfkyi.jpg,1,bloodhound,0.575751,True,redbone,0.24097,True,Tibetan_mastiff,0.0889348,True
874296783580663808,3483,22966,This is Jed. He may be the fanciest pupper in the game right now. Knows it too. 13/10 would sign modeling contract https://t.co/0YplNnSMEm,2017-06-12 16:06:11+00:00,https://twitter.com/dog_rates/status/874296783580663808/photo/1,13,10,Jed,pupper,https://pbs.twimg.com/media/DCIgSR0XgAANEOY.jpg,1,cocker_spaniel,0.437216,True,miniature_poodle,0.2771909999999999,True,toy_poodle,0.157402,True
874012996292530176,8599,30122,"This is Sebastian. He can't see all the colors of the rainbow, but he can see that this flag makes his human happy. 13/10 #PrideMonth puppo https://t.co/XBE0evJZ6V",2017-06-11 21:18:31+00:00,"https://twitter.com/dog_rates/status/874012996292530176/photo/1,https://twitter.com/dog_rates/status/874012996292530176/photo/1",13,10,Sebastian,puppo,https://pbs.twimg.com/media/DCEeLxjXsAAvNSM.jpg,2,Cardigan,0.806674,True,Pembroke,0.116622,True,kelpie,0.0491819,True
873213775632977920,1332,6324,"This is Sierra. She's one precious pupper. Absolute 12/10. Been in and out of ICU her whole life. Help Sierra below

https://t.co/Xp01EU3qyD https://t.co/V5lkvrGLdQ",2017-06-09 16:22:42+00:00,"https://www.gofundme.com/help-my-baby-sierra-get-better,https://twitter.com/dog_rates/status/873213775632977920/photo/1,https://twitter.com/dog_rates/status/873213775632977920/photo/1",12,10,Sierra,pupper,https://pbs.twimg.com/media/DB5HTBGXUAE0TiK.jpg,1,vizsla,0.6197819999999999,True,bloodhound,0.338069,True,Chesapeake_Bay_retriever,0.0126763,True
872967104147763200,4564,24092,Here's a very large dog. He has a date later. Politely asked this water person to check if his breath is bad. 12/10 good to go doggo https://t.co/EMYIdoblMR,2017-06-09 00:02:31+00:00,"https://twitter.com/dog_rates/status/872967104147763200/photo/1,https://twitter.com/dog_rates/status/872967104147763200/photo/1",12,10,None,doggo,https://pbs.twimg.com/media/DB1m871XUAAw5vZ.jpg,2,Labrador_retriever,0.476913,True,Chesapeake_Bay_retriever,0.174145,True,German_short-haired_pointer,0.0928614,True
871762521631449091,2971,17901,This is Rover. As part of pupper protocol he had to at least attempt to eat the plant. Confirmed not tasty. Needs peanut butter. 12/10 https://t.co/AiVljI6QCg,2017-06-05 16:15:56+00:00,"https://twitter.com/dog_rates/status/871762521631449091/photo/1,https://twitter.com/dog_rates/status/871762521631449091/photo/1,https://twitter.com/dog_rates/status/871762521631449091/photo/1",12,10,Rover,pupper,https://pbs.twimg.com/media/DBkfY58XcAEdzZy.jpg,2,Labrador_retriever,0.921393,True,golden_retriever,0.064608,True,bloodhound,0.00338337,True
867421006826221569,2118,14355,This is Shikha. She just watched you drop a skittle on the ground and still eat it. Could not be less impressed. 12/10 superior puppo https://t.co/XZlZKd73go,2017-05-24 16:44:18+00:00,https://twitter.com/dog_rates/status/867421006826221569/photo/1,12,10,Shikha,puppo,https://pbs.twimg.com/media/DAmyy8FXYAIH8Ty.jpg,1,Eskimo_dog,0.6164569999999999,True,Siberian_husky,0.38133,True,malamute,0.00167022,True
866450705531457537,30227,108960,"This is Jamesy. He gives a kiss to every other pupper he sees on his walk. 13/10 such passion, much tender https://t.co/wk7TfysWHr",2017-05-22 00:28:40+00:00,"https://twitter.com/dog_rates/status/866450705531457537/photo/1,https://twitter.com/dog_rates/status/866450705531457537/photo/1",13,10,Jamesy,pupper,https://pbs.twimg.com/media/DAZAUfBXcAAG_Nn.jpg,2,French_bulldog,0.905334,True,Boston_bull,0.0780597,True,pug,0.00177092,True
859607811541651456,1366,16847,Sorry for the lack of posts today. I came home from school and had to spend quality time with my puppo. Her name is Zoey and she's 13/10 https://t.co/BArWupFAn0,2017-05-03 03:17:27+00:00,https://twitter.com/dog_rates/status/859607811541651456/photo/1,13,10,None,puppo,https://pbs.twimg.com/media/C-3wvtxXcAUTuBE.jpg,1,golden_retriever,0.8955290000000001,True,Irish_setter,0.0240993,True,Labrador_retriever,0.0192854,True
858843525470990336,3029,14136,I have stumbled puppon a doggo painting party. They're looking to be the next Pupcasso or Puppollock. All 13/10 would put it on the fridge https://t.co/cUeDMlHJbq,2017-05-01 00:40:27+00:00,https://twitter.com/dog_rates/status/858843525470990336/photo/1,13,10,None,doggo,https://pbs.twimg.com/media/C-s5oYZXkAAMHHq.jpg,1,golden_retriever,0.57812,True,Labrador_retriever,0.286059,True,bloodhound,0.0269173,True
855851453814013952,16144,41935,Here's a puppo participating in the #ScienceMarch. Cleverly disguising her own doggo agenda. 13/10 would keep the planet habitable for https://t.co/cMhq16isel,2017-04-22 18:31:02+00:00,https://twitter.com/dog_rates/status/855851453814013952/photo/1,13,10,None,doggo,https://pbs.twimg.com/media/C-CYWrvWAAU8AXH.jpg,1,flat-coated_retriever,0.321676,True,Labrador_retriever,0.115138,True,groenendael,0.0960997,True
855851453814013952,16144,41935,Here's a puppo participating in the #ScienceMarch. Cleverly disguising her own doggo agenda. 13/10 would keep the planet habitable for https://t.co/cMhq16isel,2017-04-22 18:31:02+00:00,https://twitter.com/dog_rates/status/855851453814013952/photo/1,13,10,None,puppo,https://pbs.twimg.com/media/C-CYWrvWAAU8AXH.jpg,1,flat-coated_retriever,0.321676,True,Labrador_retriever,0.115138,True,groenendael,0.0960997,True
854120357044912130,6602,29269,Sometimes you guys remind me just how impactful a pupper can be. Cooper will be remembered as a good boy by so many. 14/10 rest easy friend https://t.co/oBL7LEJEzR,2017-04-17 23:52:16+00:00,"https://twitter.com/dog_rates/status/854120357044912130/photo/1,https://twitter.com/dog_rates/status/854120357044912130/photo/1,https://twitter.com/dog_rates/status/854120357044912130/photo/1,https://twitter.com/dog_rates/status/854120357044912130/photo/1",14,10,None,pupper,https://pbs.twimg.com/media/C9px7jyVwAAnmwN.jpg,4,black-and-tan_coonhound,0.8548610000000001,True,Doberman,0.0507918,True,bluetick,0.0217617,True
854010172552949760,2797,14849,"At first I thought this was a shy doggo, but it's actually a Rare Canadian Floofer Owl. Amateurs would confuse the two. 11/10 only send dogs https://t.co/TXdT3tmuYk",2017-04-17 16:34:26+00:00,"https://twitter.com/dog_rates/status/854010172552949760/photo/1,https://twitter.com/dog_rates/status/854010172552949760/photo/1",11,10,None,doggo,https://pbs.twimg.com/media/C9oNt91WAAAFSLS.jpg,1,English_springer,0.3547329999999999,True,collie,0.177538,True,Border_collie,0.131706,True
854010172552949760,2797,14849,"At first I thought this was a shy doggo, but it's actually a Rare Canadian Floofer Owl. Amateurs would confuse the two. 11/10 only send dogs https://t.co/TXdT3tmuYk",2017-04-17 16:34:26+00:00,"https://twitter.com/dog_rates/status/854010172552949760/photo/1,https://twitter.com/dog_rates/status/854010172552949760/photo/1",11,10,None,floofer,https://pbs.twimg.com/media/C9oNt91WAAAFSLS.jpg,1,English_springer,0.3547329999999999,True,collie,0.177538,True,Border_collie,0.131706,True
850019790995546112,4383,18810,Say hello to Boomer. He's a sandy pupper. Having a h*ckin blast. 12/10 would pet passionately https://t.co/ecb3LvExde,2017-04-06 16:18:05+00:00,"https://twitter.com/dog_rates/status/850019790995546112/photo/1,https://twitter.com/dog_rates/status/850019790995546112/photo/1,https://twitter.com/dog_rates/status/850019790995546112/photo/1",12,10,Boomer,pupper,https://pbs.twimg.com/media/C8vgfTsXgAA561h.jpg,3,Shetland_sheepdog,0.759907,True,collie,0.107405,True,Pembroke,0.0523353,True
846514051647705089,10411,41282,This is Barney. He's an elder doggo. Hitches a ride when he gets tired. Waves goodbye before he leaves. 13/10 please come back soon https://t.co/cFAasDXauK,2017-03-28 00:07:32+00:00,"https://twitter.com/dog_rates/status/846514051647705089/photo/1,https://twitter.com/dog_rates/status/846514051647705089/photo/1,https://twitter.com/dog_rates/status/846514051647705089/photo/1",13,10,Barney,doggo,https://pbs.twimg.com/media/C79sB4xXwAEvwKY.jpg,2,golden_retriever,0.650003,True,Leonberg,0.0651992,True,Norfolk_terrier,0.0529553,True
845397057150107648,1622,7097,"Say hello to Mimosa. She's an emotional support doggo who helps her owner with PTSD. 13/10, but she needs your help

https://t.co/L6mLzrd7Mx https://t.co/jMutBFdw5o",2017-03-24 22:08:59+00:00,"https://www.gofundme.com/help-save-a-pup,https://twitter.com/dog_rates/status/845397057150107648/photo/1,https://twitter.com/dog_rates/status/845397057150107648/photo/1",13,10,Mimosa,doggo,https://pbs.twimg.com/media/C7t0IzLWkAINoft.jpg,1,Dandie_Dinmont,0.394404,True,Maltese_dog,0.1865369999999999,True,West_Highland_white_terrier,0.1819849999999999,True
845306882940190720,4871,21665,This is Pickles. She's a silly pupper. Thinks she's a dish. 12/10 would dry https://t.co/7mPCF4ZwEk,2017-03-24 16:10:40+00:00,https://twitter.com/dog_rates/status/845306882940190720/photo/1,12,10,Pickles,pupper,https://pbs.twimg.com/media/C7siH5DXkAACnDT.jpg,1,Irish_water_spaniel,0.567475,True,Labrador_retriever,0.169496,True,curly-coated_retriever,0.101518,True
837820167694528512,7174,31896,"Here's a pupper before and after being asked ""who's a good girl?"" Unsure as h*ck. 12/10 hint hint it's you https://t.co/ORiK6jlgdH",2017-03-04 00:21:08+00:00,"https://twitter.com/dog_rates/status/837820167694528512/photo/1,https://twitter.com/dog_rates/status/837820167694528512/photo/1",12,10,None,pupper,https://pbs.twimg.com/media/C6CI_jbVAAA3-a1.jpg,1,golden_retriever,0.887625,True,Labrador_retriever,0.0687175,True,kuvasz,0.0303868,True
837110210464448512,2186,15090,This is Clark. He passed pupper training today. Round of appaws for Clark. 13/10 https://t.co/7pUjwe8X6B,2017-03-02 01:20:01+00:00,https://twitter.com/dog_rates/status/837110210464448512/photo/1,13,10,Clark,pupper,https://pbs.twimg.com/media/C54DS1kXQAEU5pS.jpg,1,Siberian_husky,0.767696,True,Eskimo_dog,0.217079,True,malamute,0.0116568,True
832998151111966721,2026,12460,"This is Rhino. He arrived at a shelter with an elaborate doggo manual for his new family, written by someone who will always love him. 13/10 https://t.co/QX1h0oqMz0",2017-02-18 17:00:10+00:00,"https://twitter.com/dog_rates/status/832998151111966721/photo/1,https://twitter.com/dog_rates/status/832998151111966721/photo/1",13,10,Rhino,doggo,https://pbs.twimg.com/media/C49nZavUYAEJjGw.jpg,1,boxer,0.539036,True,French_bulldog,0.317617,True,bull_mastiff,0.0939285,True
832032802820481025,4309,16801,"This is Miguel. He was the only remaining doggo at the adoption center after the weekend. Let's change that. 12/10

https://t.co/P0bO8mCQwN https://t.co/SU4K34NT4M",2017-02-16 01:04:13+00:00,"https://www.petfinder.com/petdetail/34918210,https://twitter.com/dog_rates/status/832032802820481025/photo/1,https://twitter.com/dog_rates/status/832032802820481025/photo/1,https://twitter.com/dog_rates/status/832032802820481025/photo/1,https://twitter.com/dog_rates/status/832032802820481025/photo/1",12,10,Miguel,doggo,https://pbs.twimg.com/media/C4v5a4UWcAIRygc.jpg,1,whippet,0.601712,True,Ibizan_hound,0.152662,True,Italian_greyhound,0.135055,True
831315979191906304,1040,6183,I couldn't make it to the #WKCDogShow BUT I have people there on the ground relaying me the finest pupper pics possible. 13/10 for all https://t.co/jd6lYhfdH4,2017-02-14 01:35:49+00:00,"https://twitter.com/dog_rates/status/831315979191906304/photo/1,https://twitter.com/dog_rates/status/831315979191906304/photo/1,https://twitter.com/dog_rates/status/831315979191906304/photo/1,https://twitter.com/dog_rates/status/831315979191906304/photo/1",13,10,None,pupper,https://pbs.twimg.com/media/C4lst0bXAAE6MP8.jpg,4,briard,0.982755,True,soft-coated_wheaten_terrier,0.00908435,True,Bouvier_des_Flandres,0.0046928,True
829449946868879360,1864,9897,Here's a stressed doggo. Had a long day. Many things on her mind. The hat communicates these feelings exquisitely. 11/10 https://t.co/fmRS43mWQB,2017-02-08 22:00:52+00:00,https://twitter.com/dog_rates/status/829449946868879360/photo/1,11,10,None,doggo,https://pbs.twimg.com/media/C4LMUf8WYAkWz4I.jpg,1,Labrador_retriever,0.315163,True,golden_retriever,0.1532099999999999,True,Pekinese,0.132791,True
828381636999917570,2065,11891,Meet Doobert. He's a deaf doggo. Didn't stop him on the field tho. Absolute legend today. 14/10 would pat head approvingly https://t.co/iCk7zstRA9,2017-02-05 23:15:47+00:00,https://twitter.com/dog_rates/status/828381636999917570/photo/1,14,10,Doobert,doggo,https://pbs.twimg.com/media/C38Asz1WEAAvzj3.jpg,1,Bedlington_terrier,0.3925349999999999,True,Labrador_retriever,0.0890217,True,clumber,0.0817998,True
827933404142436356,4844,18880,This is Kona. Yesterday she stopped by the department to see what it takes to be a police pupper. 12/10 vest was only a smidge too big https://t.co/j8D3PQJvpJ,2017-02-04 17:34:40+00:00,"https://twitter.com/dog_rates/status/827933404142436356/photo/1,https://twitter.com/dog_rates/status/827933404142436356/photo/1,https://twitter.com/dog_rates/status/827933404142436356/photo/1",12,10,Kona,pupper,https://pbs.twimg.com/media/C31pCN4UcAAOLNH.jpg,2,German_shepherd,0.8061149999999999,True,Tibetan_mastiff,0.104831,True,kelpie,0.0381482,True
826848821049180160,9356,34079,This is Cupid. He was found in the trash. Now he's well on his way to prosthetic front legs and a long happy doggo life. 13/10 heroic af https://t.co/WS0Gha8vRh,2017-02-01 17:44:55+00:00,"https://twitter.com/dog_rates/status/826848821049180160/photo/1,https://twitter.com/dog_rates/status/826848821049180160/photo/1,https://twitter.com/dog_rates/status/826848821049180160/photo/1,https://twitter.com/dog_rates/status/826848821049180160/photo/1",13,10,Cupid,doggo,https://pbs.twimg.com/media/C3mOnZ_XUAAjr2V.jpg,4,Great_Pyrenees,0.858764,True,golden_retriever,0.0235257,True,Pekinese,0.0171039,True
826476773533745153,3896,17394,This is Pilot. He has mastered the synchronized head tilt and sneaky tongue slip. Usually not unlocked until later doggo days. 12/10 https://t.co/YIV8sw8xkh,2017-01-31 17:06:32+00:00,https://twitter.com/dog_rates/status/826476773533745153/photo/1,12,10,Pilot,doggo,https://pbs.twimg.com/media/C3g8M0lWIAEcFgn.jpg,1,German_shepherd,0.7418600000000001,True,Tibetan_mastiff,0.1228119999999999,True,kelpie,0.10046,True
826204788643753985,856,4602,"Here's a little more info on Dew, your favorite roaming doggo that went h*ckin viral. 13/10 
https://t.co/1httNYrCeW https://t.co/KvaM8j3jhX",2017-01-30 23:05:46+00:00,"http://us.blastingnews.com/news/2017/01/kentucky-teen-helps-lost-yellow-labrador-and-gets-a-huge-surprise-001431969.html?sbdht=_pM1QUzk3wsenGU1giO7UnJ5NGGiKRW9AD5xs2MkaDpYY13JxbtKE4w2_,https://twitter.com/dog_rates/status/826204788643753985/photo/1,https://twitter.com/dog_rates/status/826204788643753985/photo/1,https://twitter.com/dog_rates/status/826204788643753985/photo/1,https://twitter.com/dog_rates/status/826204788643753985/photo/1",13,10,None,doggo,https://pbs.twimg.com/media/C3dEza1WcAAhlNU.jpg,2,Labrador_retriever,0.782058,True,golden_retriever,0.156581,True,soft-coated_wheaten_terrier,0.00727512,True
825535076884762624,16367,54017,Here's a very loving and accepting puppo. Appears to have read her Constitution well. 14/10 would pat head approvingly https://t.co/6ao80wIpV1,2017-01-29 02:44:34+00:00,https://twitter.com/dog_rates/status/825535076884762624/photo/1,14,10,None,puppo,https://pbs.twimg.com/media/C3TjvitXAAAI-QH.jpg,1,Rottweiler,0.681495,True,Tibetan_mastiff,0.14794,True,black-and-tan_coonhound,0.0245252,True
825026590719483904,1168,5915,"Say hello to Pablo. He's one gorgeous puppo. A true 12/10. Click the link to see why Pablo requests your assistance

https://t.co/koHvVQp9bL https://t.co/IhW0JKf7kc",2017-01-27 17:04:02+00:00,"https://www.gofundme.com/my-puppys-double-cataract-surgery,https://twitter.com/dog_rates/status/825026590719483904/photo/1,https://twitter.com/dog_rates/status/825026590719483904/photo/1",12,10,Pablo,puppo,https://pbs.twimg.com/media/C3MVTeHWcAAGNfx.jpg,2,Eskimo_dog,0.524454,True,Siberian_husky,0.467678,True,malamute,0.00497584,True
824325613288833024,9899,11190,Retweet the h*ck out of this 13/10 pupper #BellLetsTalk https://t.co/wBmc7OaGvS,2017-01-25 18:38:36+00:00,https://twitter.com/dog_rates/status/824325613288833024/photo/1,13,10,None,pupper,https://pbs.twimg.com/media/C3CXxaoWQAAiLuC.jpg,1,Pembroke,0.990793,True,Cardigan,0.00891939,True,basenji,0.000262264,True
822872901745569793,39951,124173,Here's a super supportive puppo participating in the Toronto  #WomensMarch today. 13/10 https://t.co/nTz3FtorBc,2017-01-21 18:26:02+00:00,https://twitter.com/dog_rates/status/822872901745569793/photo/1,13,10,None,puppo,https://pbs.twimg.com/media/C2tugXLXgAArJO4.jpg,1,Lakeland_terrier,0.196015,True,Labrador_retriever,0.160329,True,Irish_terrier,0.0691262,True
822462944365645825,13164,26333,"This is Gabe. He was the unequivocal embodiment of a dream meme, but also one h*ck of a pupper. You will be missed by so many. 14/10 RIP https://t.co/M3hZGadUuO",2017-01-20 15:17:01+00:00,"https://twitter.com/dog_rates/status/822462944365645825/photo/1,https://twitter.com/dog_rates/status/822462944365645825/photo/1,https://twitter.com/dog_rates/status/822462944365645825/photo/1,https://twitter.com/dog_rates/status/822462944365645825/photo/1",14,10,Gabe,pupper,https://pbs.twimg.com/media/C2n5rUUXEAIXAtv.jpg,3,Pomeranian,0.960199,True,Samoyed,0.0230563,True,Maltese_dog,0.00894488,True
821765923262631936,1557,7912,This is Duchess. She uses dark doggo forces to levitate her toys. 13/10 magical af https://t.co/maDNMETA52,2017-01-18 17:07:18+00:00,https://twitter.com/dog_rates/status/821765923262631936/photo/1,13,10,Duchess,doggo,https://pbs.twimg.com/media/C2d_vnHWEAE9phX.jpg,1,golden_retriever,0.980071,True,Labrador_retriever,0.00875751,True,Saluki,0.00180595,True
821407182352777218,3996,11111,This is Sundance. He's a doggo drummer. Even sings a bit on the side. 14/10 entertained af (vid by @sweetsundance) https://t.co/Xn5AQtiqzG,2017-01-17 17:21:47+00:00,https://twitter.com/dog_rates/status/821407182352777218/video/1,14,10,Sundance,doggo,https://pbs.twimg.com/ext_tw_video_thumb/821407155391725568/pu/img/AJC07gFJDDBuwNTD.jpg,1,Irish_setter,0.5054960000000001,True,vizsla,0.168747,True,Chesapeake_Bay_retriever,0.111311,True
821107785811234820,1976,9079,Here's a doggo who looks like he's about to give you a list of mythical ingredients to go collect for his potion. 11/10 would obey https://t.co/8SiwKDlRcl,2017-01-16 21:32:06+00:00,https://twitter.com/dog_rates/status/821107785811234820/photo/1,11,10,None,doggo,https://pbs.twimg.com/media/C2UpLA-UcAEK_Fz.jpg,1,Pomeranian,0.85659,True,papillon,0.0385365,True,Yorkshire_terrier,0.0331458,True
819952236453363712,1082,5020,"This is Oliver. He has dreams of being a service puppo so he can help his owner. 13/10 selfless af

make it happen:
https://t.co/f5WMsx0a9K https://t.co/6lJz0DKZIb",2017-01-13 17:00:21+00:00,"https://www.gofundme.com/servicedogoliver,https://twitter.com/dog_rates/status/819952236453363712/photo/1",13,10,Oliver,puppo,https://pbs.twimg.com/media/C2EONHNWQAUWxkP.jpg,1,American_Staffordshire_terrier,0.925505,True,Staffordshire_bullterrier,0.0362215,True,Italian_greyhound,0.0204119,True
819015337530290176,34565,0,RT @dog_rates: This is Bo. He was a very good First Doggo. 14/10 would be an absolute honor to pet https://t.co/AdPKrI8BZ1,2017-01-11 02:57:27+00:00,"https://twitter.com/dog_rates/status/819004803107983360/photo/1,https://twitter.com/dog_rates/status/819004803107983360/photo/1,https://twitter.com/dog_rates/status/819004803107983360/photo/1,https://twitter.com/dog_rates/status/819004803107983360/photo/1,https://twitter.com/dog_rates/status/819004803107983360/photo/1,https://twitter.com/dog_rates/status/819004803107983360/photo/1,https://twitter.com/dog_rates/status/819004803107983360/photo/1,https://twitter.com/dog_rates/status/819004803107983360/photo/1",14,10,Bo,doggo,https://pbs.twimg.com/media/C12whDoVEAALRxa.jpg,1,standard_poodle,0.351308,True,toy_poodle,0.271929,True,Tibetan_terrier,0.0947592,True
819004803107983360,34565,82734,This is Bo. He was a very good First Doggo. 14/10 would be an absolute honor to pet https://t.co/AdPKrI8BZ1,2017-01-11 02:15:36+00:00,"https://twitter.com/dog_rates/status/819004803107983360/photo/1,https://twitter.com/dog_rates/status/819004803107983360/photo/1,https://twitter.com/dog_rates/status/819004803107983360/photo/1,https://twitter.com/dog_rates/status/819004803107983360/photo/1",14,10,Bo,doggo,https://pbs.twimg.com/media/C12whDoVEAALRxa.jpg,1,standard_poodle,0.351308,True,toy_poodle,0.271929,True,Tibetan_terrier,0.0947592,True
818588835076603904,5700,0,RT @dog_rates: This is Chelsea. She forgot how to dog. 11/10 get it together pupper https://t.co/nBJ5RE4yHb,2017-01-09 22:42:41+00:00,"https://twitter.com/dog_rates/status/773547596996571136/photo/1,https://twitter.com/dog_rates/status/773547596996571136/photo/1",11,10,Chelsea,pupper,https://pbs.twimg.com/media/Crwxb5yWgAAX5P_.jpg,1,Norwegian_elkhound,0.372202,True,Chesapeake_Bay_retriever,0.1371869999999999,True,malamute,0.0714361999999999,True
817777686764523521,2522,10232,"This is Dido. She's playing the lead role in ""Pupper Stops to Catch Snow Before Resuming Shadow Box with Dried Apple."" 13/10 (IG: didodoggo) https://t.co/m7isZrOBX7",2017-01-07 16:59:28+00:00,https://twitter.com/dog_rates/status/817777686764523521/video/1,13,10,Dido,doggo,https://pbs.twimg.com/ext_tw_video_thumb/817777588030476288/pu/img/KbuLpE4krHF4VdPf.jpg,1,curly-coated_retriever,0.733256,True,flat-coated_retriever,0.2141449999999999,True,Irish_water_spaniel,0.029769,True
817777686764523521,2522,10232,"This is Dido. She's playing the lead role in ""Pupper Stops to Catch Snow Before Resuming Shadow Box with Dried Apple."" 13/10 (IG: didodoggo) https://t.co/m7isZrOBX7",2017-01-07 16:59:28+00:00,https://twitter.com/dog_rates/status/817777686764523521/video/1,13,10,Dido,pupper,https://pbs.twimg.com/ext_tw_video_thumb/817777588030476288/pu/img/KbuLpE4krHF4VdPf.jpg,1,curly-coated_retriever,0.733256,True,flat-coated_retriever,0.2141449999999999,True,Irish_water_spaniel,0.029769,True
817181837579653120,7876,0,RT @dog_rates: Here's a pupper with squeaky hiccups. Please enjoy. 13/10 https://t.co/MiMKtsLN6k,2017-01-06 01:31:47+00:00,"https://twitter.com/dog_rates/status/815966073409433600/video/1,https://twitter.com/dog_rates/status/815966073409433600/video/1",13,10,None,pupper,https://pbs.twimg.com/ext_tw_video_thumb/815965888126062592/pu/img/JleSw4wRhgKDWQj5.jpg,1,Tibetan_mastiff,0.506312,True,Tibetan_terrier,0.29569,True,otterhound,0.0362507,True
815966073409433600,7876,21147,Here's a pupper with squeaky hiccups. Please enjoy. 13/10 https://t.co/MiMKtsLN6k,2017-01-02 17:00:46+00:00,https://twitter.com/dog_rates/status/815966073409433600/video/1,13,10,None,pupper,https://pbs.twimg.com/ext_tw_video_thumb/815965888126062592/pu/img/JleSw4wRhgKDWQj5.jpg,1,Tibetan_mastiff,0.506312,True,Tibetan_terrier,0.29569,True,otterhound,0.0362507,True
814986499976527872,1187,7259,This is Cooper. Someone attacked him with a sharpie. Poor pupper. 11/10 nifty tongue slip tho https://t.co/01vpuRDXQ8,2016-12-31 00:08:17+00:00,https://twitter.com/dog_rates/status/814986499976527872/photo/1,11,10,Cooper,pupper,https://pbs.twimg.com/media/C09p5dJWIAE5qKL.jpg,1,dalmatian,0.999828,True,boxer,6.78061e-05,True,American_Staffordshire_terrier,3.42436e-05,True
813910438903693312,1735,8860,This is Chubbs. He dug a hole and now he's stuck in it. Dang h*ckin doggo. 11/10 would assist https://t.co/z1VRj1cYZf,2016-12-28 00:52:25+00:00,https://twitter.com/dog_rates/status/813910438903693312/photo/1,11,10,Chubbs,doggo,https://pbs.twimg.com/media/C0uXObSXUAAIzmV.jpg,1,Siberian_husky,0.6993550000000001,True,Eskimo_dog,0.2564329999999999,True,Norwegian_elkhound,0.0131888,True
813202720496779264,1706,8774,Here's a doggo who has concluded that Christmas is entirely too bright. Requests you tone it down a notch. 11/10 https://t.co/cD967DjnIn,2016-12-26 02:00:11+00:00,https://twitter.com/dog_rates/status/813202720496779264/photo/1,11,10,None,doggo,https://pbs.twimg.com/media/C0kTjqIXgAAqpRi.jpg,1,cocker_spaniel,0.701852,True,golden_retriever,0.120345,True,Labrador_retriever,0.0363202,True
813127251579564032,2924,11212,Here's an anonymous doggo that appears to be very done with Christmas. 11/10 cheer up pup https://t.co/BzITyGw3JA,2016-12-25 21:00:18+00:00,"https://twitter.com/dog_rates/status/813127251579564032/photo/1,https://twitter.com/dog_rates/status/813127251579564032/photo/1",11,10,None,doggo,https://pbs.twimg.com/media/C0jO6aBWEAAM28r.jpg,1,Norwegian_elkhound,0.4324159999999999,True,whippet,0.374223,True,Siberian_husky,0.0324625999999999,True
813096984823349248,3390,10044,This is Rocky. He got triple-doggo-dared. Stuck af. 11/10 someone help him https://t.co/soNL00XWVu,2016-12-25 19:00:02+00:00,https://twitter.com/dog_rates/status/813096984823349248/photo/1,11,10,Rocky,doggo,https://pbs.twimg.com/media/C0izZULWgAAKD-F.jpg,1,Great_Dane,0.128056,True,Boston_bull,0.117003,True,kelpie,0.0869643,True
811386762094317568,5990,19891,This is Craig. That's actually a normal sized fence he's stuck on. H*ckin massive pupper. 11/10 someone help him https://t.co/aAUXzoxaBy,2016-12-21 01:44:13+00:00,https://twitter.com/dog_rates/status/811386762094317568/photo/1,11,10,Craig,pupper,https://pbs.twimg.com/media/C0Kf9PtWQAEW4sE.jpg,1,Pembroke,0.804177,True,Cardigan,0.18989,True,beagle,0.00196475,True
808106460588765185,2071,8396,Here we have Burke (pupper) and Dexter (doggo). Pupper wants to be exactly like doggo. Both 12/10 would pet at same time https://t.co/ANBpEYHaho,2016-12-12 00:29:28+00:00,https://twitter.com/dog_rates/status/808106460588765185/photo/1,12,10,None,doggo,https://pbs.twimg.com/media/Czb4iFRXgAIUMiN.jpg,1,golden_retriever,0.426183,True,Labrador_retriever,0.257447,True,Great_Pyrenees,0.1264819999999999,True
808106460588765185,2071,8396,Here we have Burke (pupper) and Dexter (doggo). Pupper wants to be exactly like doggo. Both 12/10 would pet at same time https://t.co/ANBpEYHaho,2016-12-12 00:29:28+00:00,https://twitter.com/dog_rates/status/808106460588765185/photo/1,12,10,None,pupper,https://pbs.twimg.com/media/Czb4iFRXgAIUMiN.jpg,1,golden_retriever,0.426183,True,Labrador_retriever,0.257447,True,Great_Pyrenees,0.1264819999999999,True
807621403335917568,3393,13871,This is Ollie Vue. He was a 3 legged pupper on a mission to overcome everything. This is very hard to write. 14/10 we will miss you Ollie https://t.co/qTRY2qX9y4,2016-12-10 16:22:02+00:00,"https://twitter.com/dog_rates/status/807621403335917568/photo/1,https://twitter.com/dog_rates/status/807621403335917568/photo/1,https://twitter.com/dog_rates/status/807621403335917568/photo/1,https://twitter.com/dog_rates/status/807621403335917568/photo/1",14,10,Ollie,pupper,https://pbs.twimg.com/media/CzU_YVGUUAA3Xsd.jpg,3,golden_retriever,0.873233,True,cocker_spaniel,0.0336933,True,chow,0.0204084,True
803773340896923648,2591,9569,This is Diogi. He fell in the pool as soon as he was brought home. Clumsy puppo. 12/10 would pet until dry https://t.co/ZxeRjMKaWt,2016-11-30 01:31:12+00:00,"https://twitter.com/dog_rates/status/803773340896923648/photo/1,https://twitter.com/dog_rates/status/803773340896923648/photo/1,https://twitter.com/dog_rates/status/803773340896923648/photo/1,https://twitter.com/dog_rates/status/803773340896923648/photo/1",12,10,Diogi,puppo,https://pbs.twimg.com/media/CyeTku-XcAALkBd.jpg,2,miniature_pinscher,0.817066,True,redbone,0.0597065,True,Irish_terrier,0.0341952,True
803638050916102144,3887,10390,Pupper hath acquire enemy. 13/10 https://t.co/ns9qoElfsX,2016-11-29 16:33:36+00:00,https://twitter.com/dog_rates/status/803638050916102144/video/1,13,10,None,pupper,https://pbs.twimg.com/ext_tw_video_thumb/803638023904559104/pu/img/vxm0Htm5iIV7EOAQ.jpg,1,Labrador_retriever,0.372776,True,golden_retriever,0.3436659999999999,True,Great_Pyrenees,0.0672423,True
802265048156610565,1299,6627,"Like doggo, like pupper version 2. Both 11/10 https://t.co/9IxWAXFqze",2016-11-25 21:37:47+00:00,https://twitter.com/dog_rates/status/802265048156610565/photo/1,11,10,None,doggo,https://pbs.twimg.com/media/CyI3zXgWEAACQfB.jpg,1,Labrador_retriever,0.8971620000000001,True,beagle,0.0168947999999999,True,Rhodesian_ridgeback,0.0120606,True
802265048156610565,1299,6627,"Like doggo, like pupper version 2. Both 11/10 https://t.co/9IxWAXFqze",2016-11-25 21:37:47+00:00,https://twitter.com/dog_rates/status/802265048156610565/photo/1,11,10,None,pupper,https://pbs.twimg.com/media/CyI3zXgWEAACQfB.jpg,1,Labrador_retriever,0.8971620000000001,True,beagle,0.0168947999999999,True,Rhodesian_ridgeback,0.0120606,True
802239329049477120,2461,8658,This is Loki. He'll do your taxes for you. Can also make room in your budget for all the things you bought today. 12/10 what a puppo https://t.co/5oWrHCWg87,2016-11-25 19:55:35+00:00,"https://twitter.com/dog_rates/status/802239329049477120/photo/1,https://twitter.com/dog_rates/status/802239329049477120/photo/1",12,10,Loki,puppo,https://pbs.twimg.com/media/CyIgaTEVEAA-9zS.jpg,2,Eskimo_dog,0.482498,True,Siberian_husky,0.3357739999999999,True,malamute,0.134589,True
801115127852503040,1986,7685,This is Bones. He's being haunted by another doggo of roughly the same size. 12/10 deep breaths pupper everything's fine https://t.co/55Dqe0SJNj,2016-11-22 17:28:25+00:00,"https://twitter.com/dog_rates/status/801115127852503040/photo/1,https://twitter.com/dog_rates/status/801115127852503040/photo/1",12,10,Bones,doggo,https://pbs.twimg.com/media/Cx4h7zHUsAAqaJd.jpg,1,dalmatian,0.823356,True,English_setter,0.0946018999999999,True,bluetick,0.0219534,True
801115127852503040,1986,7685,This is Bones. He's being haunted by another doggo of roughly the same size. 12/10 deep breaths pupper everything's fine https://t.co/55Dqe0SJNj,2016-11-22 17:28:25+00:00,"https://twitter.com/dog_rates/status/801115127852503040/photo/1,https://twitter.com/dog_rates/status/801115127852503040/photo/1",12,10,Bones,pupper,https://pbs.twimg.com/media/Cx4h7zHUsAAqaJd.jpg,1,dalmatian,0.823356,True,English_setter,0.0946018999999999,True,bluetick,0.0219534,True
800388270626521089,2638,10631,This is Doc. He takes time out of every day to worship our plant overlords. 12/10 quite the floofer https://t.co/azMneS6Ly5,2016-11-20 17:20:08+00:00,"https://twitter.com/dog_rates/status/800388270626521089/photo/1,https://twitter.com/dog_rates/status/800388270626521089/photo/1,https://twitter.com/dog_rates/status/800388270626521089/photo/1",12,10,Doc,floofer,https://pbs.twimg.com/media/CxuM3oZW8AEhO5z.jpg,2,golden_retriever,0.35986,True,Pembroke,0.194207,True,collie,0.154603,True
799757965289017345,2005,7986,This is Sobe. She's a h*ckin happy doggo. Only one leg tho. Must have good balance. 13/10 would smile back https://t.co/OiH8PaOxB1,2016-11-18 23:35:32+00:00,"https://twitter.com/dog_rates/status/799757965289017345/photo/1,https://twitter.com/dog_rates/status/799757965289017345/photo/1,https://twitter.com/dog_rates/status/799757965289017345/photo/1,https://twitter.com/dog_rates/status/799757965289017345/photo/1",13,10,Sobe,doggo,https://pbs.twimg.com/media/CxlPnoSUcAEXf1i.jpg,1,Border_collie,0.442534,True,collie,0.288684,True,Shetland_sheepdog,0.196399,True
797971864723324932,2893,10970,Here's a helicopter pupper. He takes off at random. H*ckin hard to control. 12/10 rare af https://t.co/GRWPgNKt2z,2016-11-14 01:18:12+00:00,"https://twitter.com/dog_rates/status/797971864723324932/photo/1,https://twitter.com/dog_rates/status/797971864723324932/photo/1",12,10,None,pupper,https://pbs.twimg.com/media/CxL3IWeVEAAAIE2.jpg,1,American_Staffordshire_terrier,0.489845,True,Chihuahua,0.30576,True,Staffordshire_bullterrier,0.0727991,True
795464331001561088,22006,46853,Elder doggo does a splash. Both 13/10 incredible stuff https://t.co/gBUDjdEcqz,2016-11-07 03:14:10+00:00,https://twitter.com/dog_rates/status/795464331001561088/video/1,13,10,None,doggo,https://pbs.twimg.com/ext_tw_video_thumb/795464066940764160/pu/img/jPkMMQXdydb7CqFX.jpg,1,golden_retriever,0.193082,True,Chesapeake_Bay_retriever,0.157927,True,soft-coated_wheaten_terrier,0.1246839999999999,True
793195938047070209,5282,14472,Say hello to Lily. She's pupset that her costume doesn't fit as well as last year. 12/10 poor puppo https://t.co/YSi6K1firY,2016-10-31 21:00:23+00:00,"https://twitter.com/dog_rates/status/793195938047070209/photo/1,https://twitter.com/dog_rates/status/793195938047070209/photo/1",12,10,Lily,puppo,https://pbs.twimg.com/media/CwH_foYWgAEvTyI.jpg,2,Labrador_retriever,0.654762,True,golden_retriever,0.0741,True,Chihuahua,0.0423393,True
787717603741622272,2589,9717,This is Tonks. She is a service puppo. Can hear a caterpillar hiccup from 7 miles away. 13/10 would follow anywhere https://t.co/i622ZbWkUp,2016-10-16 18:11:26+00:00,"https://twitter.com/dog_rates/status/787717603741622272/photo/1,https://twitter.com/dog_rates/status/787717603741622272/photo/1,https://twitter.com/dog_rates/status/787717603741622272/photo/1,https://twitter.com/dog_rates/status/787717603741622272/photo/1",13,10,Tonks,puppo,https://pbs.twimg.com/media/Cu6I9vvWIAAZG0a.jpg,3,German_shepherd,0.992339,True,malinois,0.00492039,True,kelpie,0.0008528019999999,True
786363235746385920,3223,10292,This is Rizzo. He has many talents. A true renaissance doggo. 13/10 entertaining af https://t.co/TVXpEJB7Wn,2016-10-13 00:29:39+00:00,"https://twitter.com/dog_rates/status/786363235746385920/photo/1,https://twitter.com/dog_rates/status/786363235746385920/photo/1,https://twitter.com/dog_rates/status/786363235746385920/photo/1,https://twitter.com/dog_rates/status/786363235746385920/photo/1",13,10,Rizzo,doggo,https://pbs.twimg.com/media/Cum5LlfWAAAyPcS.jpg,1,golden_retriever,0.929266,True,Labrador_retriever,0.0628667,True,Saluki,0.00215669,True
782747134529531904,1319,7078,This is Deacon. He's the happiest almost dry doggo I've ever seen. 11/10 would smile back https://t.co/C6fUMnHt1H,2016-10-03 01:00:34+00:00,https://twitter.com/dog_rates/status/782747134529531904/photo/1,11,10,Deacon,doggo,https://pbs.twimg.com/media/CtzgXgeXYAA1Gxw.jpg,1,golden_retriever,0.560699,True,otterhound,0.199482,True,clumber,0.0406818,True
782305867769217024,5131,15731,This is Sampson. He just graduated. Ready to be a doggo now. Time for the real world. 12/10 have fun with taxes https://t.co/pgVKxRw0s1,2016-10-01 19:47:08+00:00,"https://twitter.com/dog_rates/status/782305867769217024/photo/1,https://twitter.com/dog_rates/status/782305867769217024/photo/1,https://twitter.com/dog_rates/status/782305867769217024/photo/1",12,10,Sampson,doggo,https://pbs.twimg.com/media/CttPBt0WIAAcsDE.jpg,1,briard,0.5044270000000001,True,soft-coated_wheaten_terrier,0.390678,True,Lhasa,0.0345955,True
778039087836069888,2468,7996,Evolution of a pupper yawn featuring Max. 12/10 groundbreaking stuff https://t.co/t8Y4x9DmVD,2016-09-20 01:12:28+00:00,"https://twitter.com/dog_rates/status/778039087836069888/photo/1,https://twitter.com/dog_rates/status/778039087836069888/photo/1,https://twitter.com/dog_rates/status/778039087836069888/photo/1,https://twitter.com/dog_rates/status/778039087836069888/photo/1",12,10,None,pupper,https://pbs.twimg.com/media/CswmaHmWAAAbdY9.jpg,2,German_shepherd,0.717776,True,malinois,0.111175,True,Norwegian_elkhound,0.0588024,True
778027034220126208,1494,6203,This is Sophie. She's a Jubilant Bush Pupper. Super h*ckin rare. Appears at random just to smile at the locals. 11.27/10 would smile back https://t.co/QFaUiIHxHq,2016-09-20 00:24:34+00:00,https://twitter.com/dog_rates/status/778027034220126208/photo/1,27,10,Sophie,pupper,https://pbs.twimg.com/media/Cswbc2yWcAAVsCJ.jpg,1,clumber,0.946718,True,cocker_spaniel,0.0159499,True,Lhasa,0.00651911,True
776819012571455488,12621,0,RT @dog_rates: Everybody look at this beautiful pupper 13/10 https://t.co/hyAC5Hq9GC,2016-09-16 16:24:19+00:00,"https://twitter.com/dog_rates/status/679828447187857408/photo/1,https://twitter.com/dog_rates/status/679828447187857408/photo/1,https://twitter.com/dog_rates/status/679828447187857408/photo/1,https://twitter.com/dog_rates/status/679828447187857408/photo/1,https://twitter.com/dog_rates/status/679828447187857408/photo/1,https://twitter.com/dog_rates/status/679828447187857408/photo/1",13,10,None,pupper,https://pbs.twimg.com/media/CW88XN4WsAAlo8r.jpg,3,Chihuahua,0.346545,True,dalmatian,0.166246,True,toy_terrier,0.117502,True
776218204058357768,14747,28134,Atlas rolled around in some chalk and now he's a magical rainbow floofer. 13/10 please never take a bath https://t.co/nzqTNw0744,2016-09-15 00:36:55+00:00,"https://twitter.com/dog_rates/status/776218204058357768/photo/1,https://twitter.com/dog_rates/status/776218204058357768/photo/1,https://twitter.com/dog_rates/status/776218204058357768/photo/1",13,10,None,floofer,https://pbs.twimg.com/media/CsWuVEdWcAAqbe9.jpg,1,Samoyed,0.940326,True,Pomeranian,0.0555271999999999,True,keeshond,0.00222635,True
775364825476165632,2717,6954,This is Finley. He's an independent doggo still adjusting to life on his own. 11/10 https://t.co/7FNcBaKbci,2016-09-12 16:05:54+00:00,"https://twitter.com/dog_rates/status/775364825476165632/photo/1,https://twitter.com/dog_rates/status/775364825476165632/photo/1,https://twitter.com/dog_rates/status/775364825476165632/photo/1,https://twitter.com/dog_rates/status/775364825476165632/photo/1",11,10,Finley,doggo,https://pbs.twimg.com/media/CsKmMB2WAAAXcAy.jpg,3,beagle,0.571229,True,Chihuahua,0.175257,True,Pembroke,0.0343063,True
773547596996571136,5700,20840,This is Chelsea. She forgot how to dog. 11/10 get it together pupper https://t.co/nBJ5RE4yHb,2016-09-07 15:44:53+00:00,https://twitter.com/dog_rates/status/773547596996571136/photo/1,11,10,Chelsea,pupper,https://pbs.twimg.com/media/Crwxb5yWgAAX5P_.jpg,1,Norwegian_elkhound,0.372202,True,Chesapeake_Bay_retriever,0.1371869999999999,True,malamute,0.0714361999999999,True
772193107915964416,1291,5686,This is Willem. He's a Penn State pupper. Thinks the hood makes him more intimidating. It doesn't. 12/10 https://t.co/Dp0s7MRIHK,2016-09-03 22:02:38+00:00,https://twitter.com/dog_rates/status/772193107915964416/photo/1,12,10,Willem,pupper,https://pbs.twimg.com/media/Crdhh_1XEAAHKHi.jpg,1,Pembroke,0.3679449999999999,True,Chihuahua,0.2235219999999999,True,Pekinese,0.164871,True
770093767776997377,2818,0,RT @dog_rates: This is just downright precious af. 12/10 for both pupper and doggo https://t.co/o5J479bZUC,2016-08-29 03:00:36+00:00,"https://twitter.com/dog_rates/status/741067306818797568/photo/1,https://twitter.com/dog_rates/status/741067306818797568/photo/1",12,10,just,doggo,https://pbs.twimg.com/media/CkjMx99UoAM2B1a.jpg,1,golden_retriever,0.843799,True,Labrador_retriever,0.0529559,True,kelpie,0.0357110999999999,True
770093767776997377,2818,0,RT @dog_rates: This is just downright precious af. 12/10 for both pupper and doggo https://t.co/o5J479bZUC,2016-08-29 03:00:36+00:00,"https://twitter.com/dog_rates/status/741067306818797568/photo/1,https://twitter.com/dog_rates/status/741067306818797568/photo/1",12,10,just,pupper,https://pbs.twimg.com/media/CkjMx99UoAM2B1a.jpg,1,golden_retriever,0.843799,True,Labrador_retriever,0.0529559,True,kelpie,0.0357110999999999,True
765371061932261376,2007,6686,This is Louie. He's had a long day. Did a lot of pupper things. Also appears to be rather heckin pettable. 11/10 https://t.co/w2qDmoTIZ5,2016-08-16 02:14:15+00:00,"https://twitter.com/dog_rates/status/765371061932261376/photo/1,https://twitter.com/dog_rates/status/765371061932261376/photo/1",11,10,Louie,pupper,https://pbs.twimg.com/media/Cp8k6oRWcAUL78U.jpg,2,golden_retriever,0.829456,True,Labrador_retriever,0.0893708999999999,True,kuvasz,0.0170275,True
760893934457552897,890,3579,This is Wishes. He has the day off. Daily struggles of being a doggo have finally caught up with him. 11/10 https://t.co/H9YgrUkYwa,2016-08-03 17:43:45+00:00,https://twitter.com/dog_rates/status/760893934457552897/photo/1,11,10,Wishes,doggo,https://pbs.twimg.com/media/Co88_ujWEAErCg7.jpg,1,Blenheim_spaniel,0.113992,True,cocker_spaniel,0.10578,True,borzoi,0.0739345,True
759793422261743616,1765,5591,"Meet Maggie &amp; Lila. Maggie is the doggo, Lila is the pupper. They are sisters. Both 12/10 would pet at the same time https://t.co/MYwR4DQKll",2016-07-31 16:50:42+00:00,"https://twitter.com/dog_rates/status/759793422261743616/photo/1,https://twitter.com/dog_rates/status/759793422261743616/photo/1",12,10,Maggie,doggo,https://pbs.twimg.com/media/CotUFZEWcAA2Pku.jpg,2,golden_retriever,0.985876,True,Labrador_retriever,0.00194777,True,kuvasz,0.00175174,True
759793422261743616,1765,5591,"Meet Maggie &amp; Lila. Maggie is the doggo, Lila is the pupper. They are sisters. Both 12/10 would pet at the same time https://t.co/MYwR4DQKll",2016-07-31 16:50:42+00:00,"https://twitter.com/dog_rates/status/759793422261743616/photo/1,https://twitter.com/dog_rates/status/759793422261743616/photo/1",12,10,Maggie,pupper,https://pbs.twimg.com/media/CotUFZEWcAA2Pku.jpg,2,golden_retriever,0.985876,True,Labrador_retriever,0.00194777,True,kuvasz,0.00175174,True
758828659922702336,3560,10496,This doggo is just waiting for someone to be proud of her and her accomplishment. 13/10 legendary af https://t.co/9T2h14yn4Q,2016-07-29 00:57:05+00:00,https://twitter.com/dog_rates/status/758828659922702336/photo/1,13,10,None,doggo,https://pbs.twimg.com/media/Cofmom_VUAA4dRO.jpg,1,Chesapeake_Bay_retriever,0.480048,True,vizsla,0.264522,True,Weimaraner,0.12184,True
757393109802180609,1580,5457,Here's a doggo completely oblivious to the double rainbow behind him. 10/10 someone tell him https://t.co/OfvRoD6ndV,2016-07-25 01:52:43+00:00,"https://twitter.com/dog_rates/status/757393109802180609/photo/1,https://twitter.com/dog_rates/status/757393109802180609/photo/1,https://twitter.com/dog_rates/status/757393109802180609/photo/1,https://twitter.com/dog_rates/status/757393109802180609/photo/1",10,10,None,doggo,https://pbs.twimg.com/media/CoLNAq6WAAAkmdJ.jpg,2,Labrador_retriever,0.787125,True,Chesapeake_Bay_retriever,0.112676,True,Rottweiler,0.0480385999999999,True
756939218950160384,1843,6231,This is Jax. He is a majestic mountain pupper. Thinks flat ground is for the weak. 12/10 would totally hike with https://t.co/KGdeHuFJnH,2016-07-23 19:49:07+00:00,https://twitter.com/dog_rates/status/756939218950160384/photo/1,12,10,Jax,pupper,https://pbs.twimg.com/media/CoEwMXeWEAAaIz5.jpg,1,golden_retriever,0.790371,True,cocker_spaniel,0.130268,True,Labrador_retriever,0.0646287,True
756275833623502848,1408,5988,When ur older siblings get to play in the deep end but dad says ur not old enough. Maybe one day puppo. All 10/10 https://t.co/JrDAzMhwG9,2016-07-21 23:53:04+00:00,"https://twitter.com/dog_rates/status/756275833623502848/photo/1,https://twitter.com/dog_rates/status/756275833623502848/photo/1",10,10,None,puppo,https://pbs.twimg.com/media/Cn7U2xlW8AI9Pqp.jpg,1,Airedale,0.602957,True,Irish_terrier,0.0869808,True,bloodhound,0.0862764999999999,True
755955933503782912,2636,6836,Here's a frustrated pupper attempting to escape a pool of Frosted Flakes. 12/10 https://t.co/GAYViEweWr,2016-07-21 02:41:54+00:00,https://twitter.com/dog_rates/status/755955933503782912/video/1,12,10,None,pupper,https://pbs.twimg.com/ext_tw_video_thumb/755955658164465664/pu/img/YcjfthN7C3z61GUj.jpg,1,Pekinese,0.596882,True,Maltese_dog,0.176478,True,Great_Pyrenees,0.0267753,True
752682090207055872,1463,5617,Nothing better than a doggo and a sunset. 10/10 majestic af https://t.co/xVSodF19PS,2016-07-12 01:52:49+00:00,"https://twitter.com/dog_rates/status/752682090207055872/photo/1,https://twitter.com/dog_rates/status/752682090207055872/photo/1",10,10,None,doggo,https://pbs.twimg.com/media/CnIQXdYWgAAnsZZ.jpg,2,German_shepherd,0.299966,True,Eskimo_dog,0.278355,True,Siberian_husky,0.17852,True
752334515931054080,1010,3599,Here's a doggo trying to catch some fish. 8/10 futile af (vid by @KellyBauerx) https://t.co/jwd0j6oWLE,2016-07-11 02:51:40+00:00,https://twitter.com/dog_rates/status/752334515931054080/video/1,8,10,None,doggo,https://pbs.twimg.com/ext_tw_video_thumb/752334354492362752/pu/img/uWISPc0YRmhUi9Ju.jpg,1,Bedlington_terrier,0.399163,True,standard_poodle,0.0864248999999999,True,wire-haired_fox_terrier,0.0752311,True
751456908746354688,925,3017,Here's a pupper that's very hungry but too lazy to get up and eat. 12/10 (vid by @RealDavidCortes) https://t.co/lsVAMBq6ex,2016-07-08 16:44:23+00:00,https://twitter.com/dog_rates/status/751456908746354688/video/1,12,10,None,pupper,https://pbs.twimg.com/ext_tw_video_thumb/751456786360725504/pu/img/hWqfIQ29A0cBv6f_.jpg,1,golden_retriever,0.714409,True,Afghan_hound,0.0661626,True,chow,0.0284125999999999,True
751132876104687617,1188,4734,This is Cooper. He's just so damn happy. 10/10 what's your secret puppo? https://t.co/yToDwVXEpA,2016-07-07 19:16:47+00:00,"https://twitter.com/dog_rates/status/751132876104687617/photo/1,https://twitter.com/dog_rates/status/751132876104687617/photo/1",10,10,Cooper,puppo,https://pbs.twimg.com/media/CmyPXNOW8AEtaJ-.jpg,1,Labrador_retriever,0.92939,True,Chesapeake_Bay_retriever,0.0382535,True,golden_retriever,0.0076102,True
750383411068534784,1042,4272,This is Zoe. She was trying to stealthily take a picture of you but you just noticed. 9/10 not so sneaky pupper https://t.co/FfH3o88Vta,2016-07-05 17:38:41+00:00,https://twitter.com/dog_rates/status/750383411068534784/photo/1,9,10,Zoe,pupper,https://pbs.twimg.com/media/CmnluwbXEAAqnkw.jpg,1,Border_collie,0.672791,True,collie,0.270188,True,papillon,0.0345039,True
750071704093859840,3038,7263,Pause your cookout and admire this pupper's nifty hat. 10/10 https://t.co/RG4C9IdNJM,2016-07-04 21:00:04+00:00,"https://twitter.com/dog_rates/status/750071704093859840/photo/1,https://twitter.com/dog_rates/status/750071704093859840/photo/1,https://twitter.com/dog_rates/status/750071704093859840/photo/1",10,10,None,pupper,https://pbs.twimg.com/media/CmjKOzVWcAAQN6w.jpg,2,redbone,0.382113,True,malinois,0.2499429999999999,True,miniature_pinscher,0.0709262,True
749417653287129088,1518,5700,This is Finn. He's the most unphotogenic pupper of all time. 11/10 https://t.co/qvA2rCUl6v,2016-07-03 01:41:06+00:00,"https://twitter.com/dog_rates/status/749417653287129088/photo/1,https://twitter.com/dog_rates/status/749417653287129088/photo/1,https://twitter.com/dog_rates/status/749417653287129088/photo/1,https://twitter.com/dog_rates/status/749417653287129088/photo/1",11,10,Finn,pupper,https://pbs.twimg.com/media/CmZ3YH9WEAAowi3.jpg,2,papillon,0.772894,True,Shetland_sheepdog,0.0424076,True,collie,0.0423131,True
748932637671223296,2064,5417,Say hello to Divine Doggo. Must be magical af. 13/10 would be an honor to pet https://t.co/BbcABzohKb,2016-07-01 17:33:49+00:00,https://twitter.com/dog_rates/status/748932637671223296/photo/1,13,10,Divine,doggo,https://pbs.twimg.com/media/CmS-QkQWAAAkUa-.jpg,1,borzoi,0.742912,True,wire-haired_fox_terrier,0.2040819999999999,True,English_setter,0.0210322999999999,True
744995568523612160,569,2751,This is Abby. She got her face stuck in a glass. Churlish af. 9/10 rookie move puppo https://t.co/2FPb45NXrK,2016-06-20 20:49:19+00:00,"https://twitter.com/dog_rates/status/744995568523612160/photo/1,https://twitter.com/dog_rates/status/744995568523612160/photo/1",9,10,Abby,puppo,https://pbs.twimg.com/media/ClbBg4WWEAMjwJu.jpg,1,Old_English_sheepdog,0.427481,True,Shih-Tzu,0.146336,True,Tibetan_terrier,0.134269,True
743253157753532416,1125,3938,"This is Kilo. He cannot reach the snackum. Nifty tongue, but not nifty enough. 10/10 maybe one day puppo https://t.co/gSmp31Zrsx",2016-06-16 01:25:36+00:00,https://twitter.com/dog_rates/status/743253157753532416/photo/1,10,10,Kilo,puppo,https://pbs.twimg.com/media/ClCQzFUUYAA5vAu.jpg,1,malamute,0.442612,True,Siberian_husky,0.368137,True,Eskimo_dog,0.177822,True
743222593470234624,1745,5743,This is a very rare Great Alaskan Bush Pupper. Hard to stumble upon without spooking. 12/10 would pet passionately https://t.co/xOBKCdpzaa,2016-06-15 23:24:09+00:00,https://twitter.com/dog_rates/status/743222593470234624/photo/1,12,10,a,pupper,https://pbs.twimg.com/media/ClB09z0WYAAA1jz.jpg,1,kuvasz,0.350629,True,soft-coated_wheaten_terrier,0.182782,True,golden_retriever,0.0876623999999999,True
741743634094141440,2506,7558,Meet Aqua. She's a sandy pupper. Not sure how she feels about being so sandy. Radical tongue slip. 11/10 petable af https://t.co/rYxJ0UQtbE,2016-06-11 21:27:17+00:00,"https://twitter.com/dog_rates/status/741743634094141440/photo/1,https://twitter.com/dog_rates/status/741743634094141440/photo/1,https://twitter.com/dog_rates/status/741743634094141440/photo/1",11,10,Aqua,pupper,https://pbs.twimg.com/media/Cksz42EW0AAh2NF.jpg,1,Labrador_retriever,0.786089,True,flat-coated_retriever,0.0486524,True,Chesapeake_Bay_retriever,0.0346933,True
741067306818797568,2818,8876,This is just downright precious af. 12/10 for both pupper and doggo https://t.co/o5J479bZUC,2016-06-10 00:39:48+00:00,https://twitter.com/dog_rates/status/741067306818797568/photo/1,12,10,just,doggo,https://pbs.twimg.com/media/CkjMx99UoAM2B1a.jpg,1,golden_retriever,0.843799,True,Labrador_retriever,0.0529559,True,kelpie,0.0357110999999999,True
741067306818797568,2818,8876,This is just downright precious af. 12/10 for both pupper and doggo https://t.co/o5J479bZUC,2016-06-10 00:39:48+00:00,https://twitter.com/dog_rates/status/741067306818797568/photo/1,12,10,just,pupper,https://pbs.twimg.com/media/CkjMx99UoAM2B1a.jpg,1,golden_retriever,0.843799,True,Labrador_retriever,0.0529559,True,kelpie,0.0357110999999999,True
739606147276148736,1496,5002,Meet Benji. He just turned 1. Has already given up on a traditional pupper physique. Just inhaled that thing. 9/10 https://t.co/sLUC4th3Zj,2016-06-05 23:53:41+00:00,"https://twitter.com/dog_rates/status/739606147276148736/photo/1,https://twitter.com/dog_rates/status/739606147276148736/photo/1,https://twitter.com/dog_rates/status/739606147276148736/photo/1",9,10,Benji,pupper,https://pbs.twimg.com/media/CkOb3FXW0AAUL_U.jpg,3,Blenheim_spaniel,0.933755,True,cocker_spaniel,0.0417194,True,Brittany_spaniel,0.00671256,True
739238157791694849,52934,107307,Here's a doggo blowing bubbles. It's downright legendary. 13/10 would watch on repeat forever (vid by Kent Duryee) https://t.co/YcXgHfp1EC,2016-06-04 23:31:25+00:00,https://twitter.com/dog_rates/status/739238157791694849/video/1,13,10,None,doggo,https://pbs.twimg.com/ext_tw_video_thumb/739238016737267712/pu/img/-tLpyiuIzD5zR1et.jpg,1,Eskimo_dog,0.503372,True,Siberian_husky,0.390413,True,malamute,0.0809011999999999,True
737445876994609152,4072,9476,Just wanted to share this super rare Rainbow Floofer in case you guys haven't seen it yet. 13/10 colorful af https://t.co/CaG9MzD3WT,2016-05-31 00:49:32+00:00,https://twitter.com/dog_rates/status/737445876994609152/photo/1,13,10,None,floofer,https://pbs.twimg.com/media/CjvvHBwUoAE55WZ.jpg,1,Samoyed,0.400568,True,Pomeranian,0.331268,True,Maltese_dog,0.0454261,True
735137028879360001,886,2886,Meet Buckley. His family &amp; some neighbors came over to watch him perform but he's nervous af. 9/10 u got this pupper https://t.co/5bdCpPlno9,2016-05-24 15:55:00+00:00,https://twitter.com/dog_rates/status/735137028879360001/photo/1,9,10,Buckley,pupper,https://pbs.twimg.com/media/CjO7OfeWgAAUQy-.jpg,1,Walker_hound,0.413535,True,beagle,0.233891,True,English_foxhound,0.164943,True
733822306246479872,932,3393,This is Moose. He's a Polynesian Floofer. Dapper af. 10/10 would pet diligently https://t.co/mVfqRdppTL,2016-05-21 00:50:46+00:00,https://twitter.com/dog_rates/status/733822306246479872/photo/1,10,10,Moose,floofer,https://pbs.twimg.com/media/Ci8Pfg_UUAA2m9i.jpg,1,Lhasa,0.457356,True,Shih-Tzu,0.371282,True,Tibetan_terrier,0.048359,True
730573383004487680,1919,4480,This is Rooney. He can't comprehend glass. 10/10 it'll be ok pupper https://t.co/CnUl2uDBBV,2016-05-12 01:40:42+00:00,"https://twitter.com/dog_rates/status/730573383004487680/photo/1,https://twitter.com/dog_rates/status/730573383004487680/photo/1,https://twitter.com/dog_rates/status/730573383004487680/photo/1",10,10,Rooney,pupper,https://pbs.twimg.com/media/CiOEnI6WgAAmq4E.jpg,2,American_Staffordshire_terrier,0.810158,True,Labrador_retriever,0.0582049999999999,True,Weimaraner,0.0279295,True
727644517743104000,1592,5403,Here's a doggo struggling to cope with the winds. 13/10 https://t.co/qv3aUwaouT,2016-05-03 23:42:26+00:00,"https://twitter.com/dog_rates/status/727644517743104000/photo/1,https://twitter.com/dog_rates/status/727644517743104000/photo/1",13,10,None,doggo,https://pbs.twimg.com/media/Chkc1BQUoAAa96R.jpg,2,Great_Pyrenees,0.457164,True,kuvasz,0.39171,True,Labrador_retriever,0.0945226,True
727524757080539137,1089,4122,This pupper had to undergo emergency haircut surgery so he could hear again. 10/10 miraculous af https://t.co/fUyDIFkBwx,2016-05-03 15:46:33+00:00,"https://twitter.com/dog_rates/status/727524757080539137/photo/1,https://twitter.com/dog_rates/status/727524757080539137/photo/1",10,10,None,pupper,https://pbs.twimg.com/media/Chiv6BAW4AAiQvH.jpg,2,Pomeranian,0.958834,True,Chihuahua,0.0240992,True,chow,0.00394105,True
727314416056803329,673,3074,This pupper was about to explain where that dirt came from but then decided against it. 11/10 https://t.co/SbaelU6zRs,2016-05-03 01:50:44+00:00,"https://twitter.com/dog_rates/status/727314416056803329/photo/1,https://twitter.com/dog_rates/status/727314416056803329/photo/1,https://twitter.com/dog_rates/status/727314416056803329/photo/1",11,10,None,pupper,https://pbs.twimg.com/media/Chfwmd9U4AQTf1b.jpg,2,toy_poodle,0.827469,True,miniature_poodle,0.16076,True,Tibetan_terrier,0.00173075,True
725786712245440512,1250,3856,Say hello to Lillie. She's a Rutabagan Floofem. Poor pupper ate and then passed out. 11/10 relatable af https://t.co/uIdGqug9rw,2016-04-28 20:40:11+00:00,https://twitter.com/dog_rates/status/725786712245440512/photo/1,11,10,Lillie,pupper,https://pbs.twimg.com/media/ChKDKmIWIAIJP_e.jpg,1,chow,0.335761,True,Samoyed,0.167173,True,kuvasz,0.145715,True
724771698126512129,568,2163,Nothin better than a doggo and a sunset. 11/10 https://t.co/JlFqOhrHEs,2016-04-26 01:26:53+00:00,"https://twitter.com/dog_rates/status/724771698126512129/photo/1,https://twitter.com/dog_rates/status/724771698126512129/photo/1,https://twitter.com/dog_rates/status/724771698126512129/photo/1,https://twitter.com/dog_rates/status/724771698126512129/photo/1",11,10,None,doggo,https://pbs.twimg.com/media/Cg7n_-OU8AA5RR1.jpg,2,German_short-haired_pointer,0.835491,True,bluetick,0.058788,True,English_setter,0.0372083,True
719991154352222208,1600,4497,This doggo was initially thrilled when she saw the happy cartoon pup but quickly realized she'd been deceived. 10/10 https://t.co/mvnBGaWULV,2016-04-12 20:50:42+00:00,"https://twitter.com/dog_rates/status/719991154352222208/photo/1,https://twitter.com/dog_rates/status/719991154352222208/photo/1",10,10,None,doggo,https://pbs.twimg.com/media/Cf3sH62VAAA-LiP.jpg,2,golden_retriever,0.605304,True,cocker_spaniel,0.130948,True,Labrador_retriever,0.0946916,True
717009362452090881,873,2989,This is Smokey. He's having some sort of existential crisis. 10/10 hang in there pupper https://t.co/JmgF4dMpw0,2016-04-04 15:22:08+00:00,https://twitter.com/dog_rates/status/717009362452090881/photo/1,10,10,Smokey,pupper,https://pbs.twimg.com/media/CfNUNetW8AAekHx.jpg,1,Siberian_husky,0.506154,True,Eskimo_dog,0.269656,True,malamute,0.0606585,True
716080869887381504,1714,6269,Here's a super majestic doggo and a sunset 11/10 https://t.co/UACnoyi8zu,2016-04-02 01:52:38+00:00,"https://twitter.com/dog_rates/status/716080869887381504/photo/1,https://twitter.com/dog_rates/status/716080869887381504/photo/1",11,10,None,doggo,https://pbs.twimg.com/media/CfAHv83UMAIEQYx.jpg,1,golden_retriever,0.638625,True,chow,0.254717,True,Tibetan_mastiff,0.0717317,True
711008018775851008,560,2750,This is Chuckles. He had a balloon but he accidentally let go of it and it floated away. 11/10 hang in there pupper https://t.co/68iNM7B5gW,2016-03-19 01:54:56+00:00,https://twitter.com/dog_rates/status/711008018775851008/photo/1,11,10,Chuckles,pupper,https://pbs.twimg.com/media/Cd4CBQFW8AAY3ND.jpg,1,French_bulldog,0.731405,True,Boston_bull,0.150672,True,pug,0.0218109,True
710117014656950272,1785,5042,This pupper got her hair chalked for her birthday. Hasn't told her parents yet. Rebellious af. 11/10 very nifty https://t.co/h1OX2mLtxV,2016-03-16 14:54:24+00:00,"https://twitter.com/dog_rates/status/710117014656950272/photo/1,https://twitter.com/dog_rates/status/710117014656950272/photo/1",11,10,None,pupper,https://pbs.twimg.com/media/CdrXp9dWoAAcRfn.jpg,2,toy_poodle,0.802092,True,miniature_poodle,0.111647,True,cocker_spaniel,0.0628662,True
708845821941387268,806,2749,Here's a pupper with magic eyes. Not wearing a seat belt tho (irresponsible af). Very distracting to driver. 9/10 https://t.co/5DLJB4ssvI,2016-03-13 02:43:08+00:00,"https://twitter.com/dog_rates/status/708845821941387268/photo/1,https://twitter.com/dog_rates/status/708845821941387268/photo/1",9,10,None,pupper,https://pbs.twimg.com/media/CdZTgynWwAATZcx.jpg,1,schipperke,0.74564,True,kelpie,0.167853,True,Boston_bull,0.0147628999999999,True
707411934438625280,546,2120,"""I shall trip the big pupper with leash. Big pupper will never see it coming. I am a genius."" Both 11/10 https://t.co/uQsCJ8pf51",2016-03-09 03:45:22+00:00,https://twitter.com/dog_rates/status/707411934438625280/photo/1,11,10,None,pupper,https://pbs.twimg.com/media/CdE7ZktXIAEiWLj.jpg,1,Lakeland_terrier,0.7382770000000001,True,Airedale,0.0285149,True,giant_schnauzer,0.0248763,True
707315916783140866,580,2289,This is Finnegus. He's trapped in a snow globe. Poor pupper. 10/10 would make sure no one shook it https://t.co/BjpOa52jQ4,2016-03-08 21:23:50+00:00,"https://twitter.com/dog_rates/status/707315916783140866/photo/1,https://twitter.com/dog_rates/status/707315916783140866/photo/1",10,10,Finnegus,pupper,https://pbs.twimg.com/media/CdDkEkHWwAAAeUJ.jpg,2,Bernese_mountain_dog,0.979235,True,Shetland_sheepdog,0.0110368,True,Appenzeller,0.00397111,True
706310011488698368,7159,19598,Here's a very sleepy pupper. Thinks it's an airplane. 12/10 would snug for eternity https://t.co/GGmcTIkBbf,2016-03-06 02:46:44+00:00,"https://twitter.com/dog_rates/status/706310011488698368/photo/1,https://twitter.com/dog_rates/status/706310011488698368/photo/1",12,10,None,pupper,https://pbs.twimg.com/media/Cc1RNHLW4AACG6H.jpg,1,Pembroke,0.6981649999999999,True,Chihuahua,0.105834,True,bloodhound,0.0620304,True
705975130514706432,666,2870,This is Adele. Her tongue flies out of her mouth at random. It's a debilitating illness. 10/10 stay strong pupper https://t.co/cfn81n3FLO,2016-03-05 04:36:02+00:00,"https://twitter.com/dog_rates/status/705975130514706432/photo/1,https://twitter.com/dog_rates/status/705975130514706432/photo/1",10,10,Adele,pupper,https://pbs.twimg.com/media/CcwgjmuXIAEQoSd.jpg,1,Staffordshire_bullterrier,0.5877640000000001,True,American_Staffordshire_terrier,0.281429,True,bull_mastiff,0.0947981,True
703611486317502464,1386,3553,Meet Scooter. He's experiencing the pupper equivalent of dropping ur phone in a toilet 10/10 put it in some rice pup https://t.co/JSmX1FIEaW,2016-02-27 16:03:45+00:00,https://twitter.com/dog_rates/status/703611486317502464/photo/1,10,10,Scooter,pupper,https://pbs.twimg.com/media/CcO66OjXEAASXmH.jpg,1,Pembroke,0.756441,True,basenji,0.126621,True,Cardigan,0.0801166999999999,True
701545186879471618,552,2459,Meet Millie. She's practicing her dive form for Rio. It's nearly perfect. Dedicated af. 10/10 go for gold pupper https://t.co/SDVkc4m96M,2016-02-21 23:13:01+00:00,https://twitter.com/dog_rates/status/701545186879471618/photo/1,10,10,Millie,pupper,https://pbs.twimg.com/media/CbxjnyOWAAAWLUH.jpg,1,Border_collie,0.280893,True,Cardigan,0.11255,True,toy_terrier,0.0533172,True
700864154249383937,562,2405,"""Pupper is a present to world. Here is a bow for pupper."" 12/10 precious as hell https://t.co/ItSsE92gCW",2016-02-20 02:06:50+00:00,https://twitter.com/dog_rates/status/700864154249383937/photo/1,12,10,a,pupper,https://pbs.twimg.com/media/Cbn4OqKWwAADGWt.jpg,1,kuvasz,0.8058569999999999,True,Great_Pyrenees,0.187272,True,Samoyed,0.0034909,True
699801817392291840,852,2781,This is Cooper. He began to tear up when his bone was taken from him. 11/10 stay strong pupper https://t.co/qI8yvqKG02,2016-02-17 03:45:29+00:00,"https://twitter.com/dog_rates/status/699801817392291840/photo/1,https://twitter.com/dog_rates/status/699801817392291840/photo/1,https://twitter.com/dog_rates/status/699801817392291840/photo/1,https://twitter.com/dog_rates/status/699801817392291840/photo/1",11,10,Cooper,pupper,https://pbs.twimg.com/media/CbYyCMcWIAAHHjF.jpg,2,golden_retriever,0.808978,True,Irish_setter,0.0424281,True,Labrador_retriever,0.0235364,True
699434518667751424,468,2036,I know this is a tad late but here's a wonderful Valentine's Day pupper 12/10 https://t.co/hTE2PEwGvi,2016-02-16 03:25:58+00:00,https://twitter.com/dog_rates/status/699434518667751424/photo/1,12,10,None,pupper,https://pbs.twimg.com/media/CbTj--1XEAIZjc_.jpg,1,golden_retriever,0.836572,True,kuvasz,0.105946,True,Labrador_retriever,0.0251439,True
697616773278015490,926,2901,This pupper doubles as a hallway rug. Very rare. Versatile af. 11/10 https://t.co/Jxd5pR02Cn,2016-02-11 03:02:54+00:00,"https://twitter.com/dog_rates/status/697616773278015490/photo/1,https://twitter.com/dog_rates/status/697616773278015490/photo/1",11,10,None,pupper,https://pbs.twimg.com/media/Ca5uv7RVAAA_QEg.jpg,1,Lhasa,0.521931,True,Shih-Tzu,0.403451,True,Tibetan_terrier,0.0399121999999999,True
697596423848730625,1137,2791,Here's a pupper with a piece of pizza. Two of everybody's favorite things in one photo. 11/10 https://t.co/5USjFjKI7Z,2016-02-11 01:42:02+00:00,https://twitter.com/dog_rates/status/697596423848730625/photo/1,11,10,None,pupper,https://pbs.twimg.com/media/Ca5cPrJXIAImHtD.jpg,1,Shetland_sheepdog,0.621668,True,collie,0.366578,True,Pembroke,0.00769819,True
695095422348574720,552,2468,This is just a beautiful pupper good shit evolution. 12/10 https://t.co/2L8pI0Z2Ib,2016-02-04 04:03:57+00:00,https://twitter.com/dog_rates/status/695095422348574720/photo/1,12,10,just,pupper,https://pbs.twimg.com/media/CaV5mRDXEAAR8iG.jpg,1,papillon,0.227784,True,Chihuahua,0.218128,True,Border_collie,0.0934574,True
695074328191332352,998,2623,This is Lorenzo. He's educated af. Just graduated college. 11/10 poor pupper can't even comprehend his debt https://t.co/dH3GzcjCtQ,2016-02-04 02:40:08+00:00,https://twitter.com/dog_rates/status/695074328191332352/photo/1,11,10,Lorenzo,pupper,https://pbs.twimg.com/media/CaVmajOWYAA1uNG.jpg,1,Shih-Tzu,0.5101060000000001,True,Tibetan_terrier,0.0719809,True,Lhasa,0.069231,True
694329668942569472,451,1831,Meet Grady. He's very hungry. Too bad no one can find his food bowl. 9/10 poor pupper https://t.co/oToIkYnEGn,2016-02-02 01:21:07+00:00,https://twitter.com/dog_rates/status/694329668942569472/photo/1,9,10,Grady,pupper,https://pbs.twimg.com/media/CaLBJmOWYAQt44t.jpg,1,boxer,0.99006,True,bull_mastiff,0.00743627,True,Saint_Bernard,0.00161729,True
693629975228977152,723,2268,This pupper is afraid of its own feet. 12/10 would comfort https://t.co/Tn9Mp0oPoJ,2016-01-31 03:00:47+00:00,"https://twitter.com/dog_rates/status/693629975228977152/photo/1,https://twitter.com/dog_rates/status/693629975228977152/photo/1",12,10,None,pupper,https://pbs.twimg.com/media/CaBEx3SWEAILZpi.jpg,1,pug,0.841987,True,French_bulldog,0.0697911,True,Boston_bull,0.0387199,True
693262851218264065,452,2053,I hope you guys enjoy this beautiful snowy pupper as much as I did. 11/10 https://t.co/DYUsHtL2aR,2016-01-30 02:41:58+00:00,https://twitter.com/dog_rates/status/693262851218264065/photo/1,11,10,None,pupper,https://pbs.twimg.com/media/CZ724fDUYAAytS-.jpg,1,golden_retriever,0.989333,True,Labrador_retriever,0.00794644,True,kuvasz,0.000748932,True
692905862751522816,791,2245,This is Wally. He's being abducted by aliens. 10/10 poor pupper https://t.co/EiF659Bgjn,2016-01-29 03:03:25+00:00,https://twitter.com/dog_rates/status/692905862751522816/photo/1,10,10,Wally,pupper,https://pbs.twimg.com/media/CZ2yNKhWEAA_7cb.jpg,1,Mexican_hairless,0.162638,True,Doberman,0.1562869999999999,True,Rhodesian_ridgeback,0.0814778,True
692752401762250755,3314,6297,"""Hello yes could I get one pupper to go please thank you""
Both 13/10 https://t.co/kYWcXbluUu",2016-01-28 16:53:37+00:00,https://twitter.com/dog_rates/status/692752401762250755/photo/1,13,10,None,pupper,https://pbs.twimg.com/tweet_video_thumb/CZ0mhduWkAICSGe.png,1,Samoyed,0.471276,True,Siberian_husky,0.15885,True,Eskimo_dog,0.138672,True
690015576308211712,664,2313,This pupper can only sleep on shoes. It's a crippling disease. Tearing his family apart. 12/10 I'd totally pet tho https://t.co/03XlvS8izg,2016-01-21 03:38:27+00:00,"https://twitter.com/dog_rates/status/690015576308211712/photo/1,https://twitter.com/dog_rates/status/690015576308211712/photo/1",12,10,None,pupper,https://pbs.twimg.com/media/CZNtgWhWkAAbq3W.jpg,2,malamute,0.949609,True,Siberian_husky,0.0330837,True,Eskimo_dog,0.0166627,True
689905486972461056,624,2262,"Say hello to Gizmo. He's quite the pupper. Confused by bed, but agile af. Can barely catch on camera. 11/10 so quick https://t.co/IE4ZblyZRY",2016-01-20 20:21:00+00:00,"https://twitter.com/dog_rates/status/689905486972461056/photo/1,https://twitter.com/dog_rates/status/689905486972461056/photo/1,https://twitter.com/dog_rates/status/689905486972461056/photo/1,https://twitter.com/dog_rates/status/689905486972461056/photo/1",11,10,Gizmo,pupper,https://pbs.twimg.com/media/CZMJYCRVAAE35Wk.jpg,4,Pomeranian,0.943331,True,Shetland_sheepdog,0.0236750999999999,True,chow,0.00716495,True
689143371370250240,458,1869,Meet Trip. He likes wearing costumes that aren't consistent with the season to screw with people 10/10 tricky pupper https://t.co/40w7TI5Axv,2016-01-18 17:52:38+00:00,https://twitter.com/dog_rates/status/689143371370250240/photo/1,10,10,Trip,pupper,https://pbs.twimg.com/media/CZBUO2UWsAAKehS.jpg,1,English_springer,0.3037809999999999,True,papillon,0.165132,True,Welsh_springer_spaniel,0.149051,True
688519176466644993,661,2156,This pupper is sprouting a flower out of her head. 12/10 revolutionary af https://t.co/glmvQBRjv4,2016-01-17 00:32:18+00:00,https://twitter.com/dog_rates/status/688519176466644993/photo/1,12,10,None,pupper,https://pbs.twimg.com/media/CY4ciRFUMAAovos.jpg,1,Pembroke,0.696372,True,Cardigan,0.1210519999999999,True,Shetland_sheepdog,0.050592,True
687818504314159109,867,2282,With great pupper comes great responsibility. 12/10 https://t.co/hK6xB042EP,2016-01-15 02:08:05+00:00,https://twitter.com/dog_rates/status/687818504314159109/photo/1,12,10,None,pupper,https://pbs.twimg.com/media/CYufR8_WQAAWCqo.jpg,1,Lakeland_terrier,0.873029,True,soft-coated_wheaten_terrier,0.0609242,True,toy_poodle,0.0170309,True
687704180304273409,767,2245,Say hello to Blakely. He thinks that's a hat. Silly pupper. That's a nanner. 9/10 https://t.co/UwOV1jqKRt,2016-01-14 18:33:48+00:00,https://twitter.com/dog_rates/status/687704180304273409/photo/1,9,10,Blakely,pupper,https://pbs.twimg.com/media/CYs3TKzUAAAF9A2.jpg,1,miniature_pinscher,0.956063,True,toy_terrier,0.0122306,True,Chihuahua,0.00539748,True
687096057537363968,552,2083,This pupper's New Year's resolution was to become a Hershey's kiss. 11/10 she's super pumped about it https://t.co/D7jYj6vdwC,2016-01-13 02:17:20+00:00,https://twitter.com/dog_rates/status/687096057537363968/photo/1,11,10,None,pupper,https://pbs.twimg.com/media/CYkON6CVAAAPXAc.jpg,1,Labrador_retriever,0.4171069999999999,True,Chesapeake_Bay_retriever,0.34173,True,German_short-haired_pointer,0.177702,True
686683045143953408,735,2613,This is Mona. She's a Yarborough Splishnsplash. Lost body during Nam. 11/10 revolutionary pupper https://t.co/pgD6h0yhgz,2016-01-11 22:56:10+00:00,https://twitter.com/dog_rates/status/686683045143953408/photo/1,11,10,Mona,pupper,https://pbs.twimg.com/media/CYeWlh0WAAADhsj.jpg,1,Norwich_terrier,0.100499,True,cocker_spaniel,0.0806711,True,golden_retriever,0.0794062,True
686618349602762752,1240,3414,This is Olivia. She just saw an adult wearing crocs. 11/10 poor pupper. No one should witness such a thing https://t.co/yJVTi1DjJc,2016-01-11 18:39:05+00:00,https://twitter.com/dog_rates/status/686618349602762752/photo/1,11,10,Olivia,pupper,https://pbs.twimg.com/media/CYdbvwjWcAEtjYu.jpg,1,Rottweiler,0.441331,True,miniature_pinscher,0.23318,True,Gordon_setter,0.093582,True
686377065986265092,516,2052,Meet Birf. He thinks he's gone blind. 10/10 very frightened pupper https://t.co/oDkspjNWYX,2016-01-11 02:40:19+00:00,https://twitter.com/dog_rates/status/686377065986265092/photo/1,10,10,Birf,pupper,https://pbs.twimg.com/media/CYaAS2kUoAINkye.jpg,1,German_shepherd,0.830816,True,Leonberg,0.0763252,True,bloodhound,0.0374486,True
685943807276412928,536,1500,This is the newly formed pupper a capella group. They're just starting out but I see tons of potential. 8/10 for all https://t.co/wbAcvFoNtn,2016-01-09 21:58:42+00:00,https://twitter.com/dog_rates/status/685943807276412928/video/1,8,10,the,pupper,https://pbs.twimg.com/ext_tw_video_thumb/685943751555051520/pu/img/rlBvQWaFPUMx1MTi.jpg,1,papillon,0.200812,True,toy_terrier,0.1145119999999999,True,Cardigan,0.0945196,True
685307451701334016,397,1929,Say hello to Petrick. He's an Altostratus Floofer. Just had a run in with a trash bag. Groovy checkered floor. 11/10 https://t.co/rwW7z1JAOF,2016-01-08 03:50:03+00:00,https://twitter.com/dog_rates/status/685307451701334016/photo/1,11,10,Petrick,floofer,https://pbs.twimg.com/media/CYKzfTTWMAEeTN7.jpg,1,Pomeranian,0.963176,True,Shetland_sheepdog,0.0194683,True,keeshond,0.00860493,True
685268753634967552,1078,2846,This is Hubertson. He's a Carmel Haberdashery. Enjoys long summer days on his boat. Very peaceful pupper. 10/10 https://t.co/vzCl35fKlZ,2016-01-08 01:16:17+00:00,https://twitter.com/dog_rates/status/685268753634967552/photo/1,10,10,Hubertson,pupper,https://pbs.twimg.com/media/CYKQS0xUQAEOptC.jpg,1,pug,0.999044,True,Norwegian_elkhound,0.000546586,True,bull_mastiff,0.000235195,True
685169283572338688,1281,3788,Meet Gerbald. He just found out he's adopted. Poor pupper. Snazzy tongue tho. 11/10 would hold close in time of need https://t.co/UfGkB9Wrud,2016-01-07 18:41:01+00:00,https://twitter.com/dog_rates/status/685169283572338688/photo/1,11,10,Gerbald,pupper,https://pbs.twimg.com/media/CYI10WhWsAAjzii.jpg,1,Bernese_mountain_dog,0.975096,True,Appenzeller,0.0145781,True,EntleBucher,0.00594348,True
683834909291606017,1025,2421,Here we see a faulty pupper. Might need to replace batteries. Try turning off &amp; back on again. 9/10 would still pet https://t.co/O1E4AtHVxO,2016-01-04 02:18:42+00:00,https://twitter.com/dog_rates/status/683834909291606017/video/1,9,10,None,pupper,https://pbs.twimg.com/ext_tw_video_thumb/683834825250320385/pu/img/yZdrqMlyky4KGOu6.jpg,1,Maltese_dog,0.738449,True,toy_poodle,0.102992,True,Samoyed,0.0232472,True
683828599284170753,973,2588,Breathtaking pupper here. Should be on the cover of Dogue. Top-notch tongue. Appears considerably fluffy. 12/10 https://t.co/Eeh3yfdglS,2016-01-04 01:53:37+00:00,https://twitter.com/dog_rates/status/683828599284170753/photo/1,12,10,None,pupper,https://pbs.twimg.com/media/CX1ye7HUMAADDzh.jpg,1,malamute,0.577376,True,Siberian_husky,0.2871309999999999,True,Eskimo_dog,0.117563,True
683481228088049664,904,2454,Meet Banjo. He's a Peppercorn Shoop Da Whoop. Nails look lethal. Skeptical of luminescent orb 11/10 stay woke pupper https://t.co/H7NZFumpKq,2016-01-03 02:53:17+00:00,https://twitter.com/dog_rates/status/683481228088049664/photo/1,11,10,Banjo,pupper,https://pbs.twimg.com/media/CXw2jSpWMAAad6V.jpg,1,keeshond,0.508951,True,chow,0.4420159999999999,True,German_shepherd,0.013206,True
683462770029932544,620,2244,"""Hello forest pupper I am house pupper welcome to my abode"" (8/10 for both) https://t.co/qFD8217fUT",2016-01-03 01:39:57+00:00,https://twitter.com/dog_rates/status/683462770029932544/photo/1,8,10,None,pupper,https://pbs.twimg.com/media/CXwlw9MWsAAc-JB.jpg,1,Italian_greyhound,0.3995599999999999,True,whippet,0.267153,True,German_short-haired_pointer,0.0813191,True
683142553609318400,940,2649,Meet Brandy. She's a member of the Bloods. Menacing criminal pupper. Soft spot for flowers tho. 9/10 pet w caution https://t.co/hhIA3coiAJ,2016-01-02 04:27:31+00:00,https://twitter.com/dog_rates/status/683142553609318400/photo/1,9,10,Brandy,pupper,https://pbs.twimg.com/media/CXsChyjW8AQJ16C.jpg,1,Leonberg,0.605851,True,chow,0.18347,True,German_shepherd,0.0796619,True
683111407806746624,818,3151,This is Larry. He thought the New Year's parties were tonight. 10/10 poor pupper. Maybe next year https://t.co/h3X0jK8MVM,2016-01-02 02:23:45+00:00,https://twitter.com/dog_rates/status/683111407806746624/photo/1,10,10,Larry,pupper,https://pbs.twimg.com/media/CXrmMSpUwAAdeRj.jpg,1,cocker_spaniel,0.901392,True,soft-coated_wheaten_terrier,0.0286048,True,miniature_schnauzer,0.0178054,True
681694085539872773,3698,11835,This is Bo. He's a Benedoop Cumbersnatch. Seems frustrated with own feet. Portable as hell. 11/10 very solid pupper https://t.co/TONMhRoQh7,2015-12-29 04:31:49+00:00,https://twitter.com/dog_rates/status/681694085539872773/photo/1,11,10,Bo,pupper,https://pbs.twimg.com/media/CXXdJ7CVAAALu23.jpg,1,toy_poodle,0.920992,True,miniature_poodle,0.0608572,True,Maltese_dog,0.00606372,True
681654059175129088,820,2428,This is Toffee. He's a happy pupper. Appears dangerously fluffy. Extraordinarily spherical. 12/10 would pet firmly https://t.co/oEXEKt3MHu,2015-12-29 01:52:46+00:00,https://twitter.com/dog_rates/status/681654059175129088/photo/1,12,10,Toffee,pupper,https://pbs.twimg.com/media/CXW4wGHWsAE_eBD.jpg,1,Pomeranian,0.800538,True,chow,0.146892,True,Pekinese,0.0376125,True
681231109724700672,441,2244,I just love this pic. 11/10 this pupper is going places https://t.co/P16uhh1PbI,2015-12-27 21:52:07+00:00,https://twitter.com/dog_rates/status/681231109724700672/photo/1,11,10,None,pupper,https://pbs.twimg.com/media/CXQ4EwQWwAEVaUf.jpg,1,Irish_setter,0.406047,True,cocker_spaniel,0.345646,True,Airedale,0.147912,True
680836378243002368,1185,3193,This is Ellie. She's secretly ferocious. 12/10 very deadly pupper https://t.co/BF4BW8LUgb,2015-12-26 19:43:36+00:00,"https://twitter.com/dog_rates/status/680836378243002368/photo/1,https://twitter.com/dog_rates/status/680836378243002368/photo/1,https://twitter.com/dog_rates/status/680836378243002368/photo/1",12,10,Ellie,pupper,https://pbs.twimg.com/media/CXLREjOW8AElfk6.jpg,3,Pembroke,0.427781,True,Shetland_sheepdog,0.160669,True,Pomeranian,0.11125,True
680473011644985345,674,2348,"This is Hector. He thinks he's a hammer. Silly Hector. You're a pupper, not a hammer. 10/10 https://t.co/OdUFuZIXiI",2015-12-25 19:39:43+00:00,https://twitter.com/dog_rates/status/680473011644985345/photo/1,10,10,Hector,pupper,https://pbs.twimg.com/media/CXGGlzvWYAArPfk.jpg,1,Lakeland_terrier,0.796694,True,West_Highland_white_terrier,0.138709,True,Norwich_terrier,0.0162533999999999,True
680191257256136705,443,1983,Here's a sleepy Christmas pupper 11/10 https://t.co/KXg0f8GNQ9,2015-12-25 01:00:07+00:00,https://twitter.com/dog_rates/status/680191257256136705/photo/1,11,10,None,pupper,https://pbs.twimg.com/media/CXCGVXyWsAAAVHE.jpg,1,Brittany_spaniel,0.7332529999999999,True,Welsh_springer_spaniel,0.251634,True,English_springer,0.00924321,True
680145970311643136,1563,3315,Say hello to Kawhi. He was doing fine until his hat fell off. He got it back though. 10/10 deep breaths pupper https://t.co/N5pM6WBx7e,2015-12-24 22:00:10+00:00,"https://twitter.com/dog_rates/status/680145970311643136/photo/1,https://twitter.com/dog_rates/status/680145970311643136/photo/1,https://twitter.com/dog_rates/status/680145970311643136/photo/1",10,10,Kawhi,pupper,https://pbs.twimg.com/media/CXBdJxLUsAAWql2.jpg,1,miniature_poodle,0.457117,True,toy_poodle,0.226481,True,Maltese_dog,0.0676815,True
680100725817409536,1253,3308,This pupper is not coming inside until she catches a snowflake on her tongue. 11/10 the determination is palpable https://t.co/lvMYbmKq8H,2015-12-24 19:00:23+00:00,https://twitter.com/dog_rates/status/680100725817409536/photo/1,11,10,None,pupper,https://pbs.twimg.com/media/CW-loUBWYAAn2Cb.jpg,1,golden_retriever,0.6989609999999999,True,chow,0.145971,True,Pomeranian,0.034888,True
679828447187857408,12621,33219,Everybody look at this beautiful pupper 13/10 https://t.co/hyAC5Hq9GC,2015-12-24 00:58:27+00:00,"https://twitter.com/dog_rates/status/679828447187857408/photo/1,https://twitter.com/dog_rates/status/679828447187857408/photo/1,https://twitter.com/dog_rates/status/679828447187857408/photo/1",13,10,None,pupper,https://pbs.twimg.com/media/CW88XN4WsAAlo8r.jpg,3,Chihuahua,0.346545,True,dalmatian,0.166246,True,toy_terrier,0.117502,True
679777920601223168,998,2860,This is Rinna. She's melting. 10/10 get inside pupper https://t.co/PA0czwucsb,2015-12-23 21:37:40+00:00,https://twitter.com/dog_rates/status/679777920601223168/photo/1,10,10,Rinna,pupper,https://pbs.twimg.com/media/CW8OYajUMAAPRoF.jpg,1,bloodhound,0.5288189999999999,True,bull_mastiff,0.4201189999999999,True,French_bulldog,0.00948059,True
678800283649069056,821,2358,Here's a pupper with some mean tan lines. Snazzy sweater though 12/10 https://t.co/DpCSVsl6vu,2015-12-21 04:52:53+00:00,https://twitter.com/dog_rates/status/678800283649069056/photo/1,12,10,None,pupper,https://pbs.twimg.com/media/CWuVQSLW4AAI3w9.jpg,1,Labrador_retriever,0.213673,True,beagle,0.146235,True,Airedale,0.122701,True
678389028614488064,383,1716,"This is Bella. She just learned that her final grade in chem was a 92.49 
poor pupper 11/10 https://t.co/auOoKuoveM",2015-12-20 01:38:42+00:00,https://twitter.com/dog_rates/status/678389028614488064/photo/1,11,10,Bella,pupper,https://pbs.twimg.com/media/CWofOHUWUAACGVa.jpg,1,miniature_pinscher,0.516284,True,kelpie,0.227402,True,vizsla,0.103246,True
678341075375947776,473,1577,This pupper likes tape. 12/10 https://t.co/cSp6w5GWgm,2015-12-19 22:28:09+00:00,https://twitter.com/dog_rates/status/678341075375947776/photo/1,12,10,None,pupper,https://pbs.twimg.com/media/CWnznDTU4AAa-6P.jpg,1,golden_retriever,0.853284,True,cocker_spaniel,0.0262298,True,Labrador_retriever,0.0241227999999999,True
678278586130948096,5497,10425,Another spooky pupper here. Most definitely floating. No legs. Probably knows some dark magic. 10/10 very spooked https://t.co/JK8MByRzgj,2015-12-19 18:19:51+00:00,https://twitter.com/dog_rates/status/678278586130948096/photo/1,10,10,None,pupper,https://pbs.twimg.com/media/CWm6xySUEAAqfFU.jpg,1,Maltese_dog,0.897841,True,Lhasa,0.0357175,True,Tibetan_terrier,0.0171074999999999,True
677269281705472000,636,1799,This is the happiest pupper I've ever seen. 10/10 would trade lives with https://t.co/ep8ATEJwRb,2015-12-16 23:29:14+00:00,https://twitter.com/dog_rates/status/677269281705472000/photo/1,10,10,the,pupper,https://pbs.twimg.com/media/CWYk0WxWoAAEwRt.jpg,1,Shetland_sheepdog,0.656616,True,collie,0.195405,True,German_shepherd,0.0131032,True
676617503762681856,856,2618,I promise this wasn't meant to be a cuteness overload account but ermergerd look at this cozy pupper. 13/10 https://t.co/mpQl2rJjDh,2015-12-15 04:19:18+00:00,https://twitter.com/dog_rates/status/676617503762681856/photo/1,13,10,None,pupper,https://pbs.twimg.com/media/CWPUB9TWwAALPPx.jpg,1,Chihuahua,0.841084,True,Pomeranian,0.12053,True,Pekinese,0.00660034,True
676603393314578432,342,1043,This is Godzilla pupper. He had a ruff childhood &amp; now deflects that pain outward by terrorizing cities. Tragic 9/10 https://t.co/g1tLGkyaxr,2015-12-15 03:23:14+00:00,https://twitter.com/dog_rates/status/676603393314578432/photo/1,9,10,Godzilla,pupper,https://pbs.twimg.com/media/CWPHMqKVAAAE78E.jpg,1,whippet,0.8770209999999999,True,Great_Dane,0.0341819,True,boxer,0.028404,True
675898130735476737,505,1450,I'm sure you've all seen this pupper. Not prepared at all for the flying disc of terror. 10/10 https://t.co/G0pQiFGM7O,2015-12-13 04:40:46+00:00,https://twitter.com/dog_rates/status/675898130735476737/photo/1,10,10,None,pupper,https://pbs.twimg.com/media/CWFFt3_XIAArIYK.jpg,1,Labrador_retriever,0.40743,True,malinois,0.0770367,True,pug,0.0745973,True
675845657354215424,780,2050,"This is Pepper. She's not fully comfortable riding her imaginary bike yet. 10/10 don't worry pupper, it gets easier https://t.co/40dj4eTsXG",2015-12-13 01:12:15+00:00,https://twitter.com/dog_rates/status/675845657354215424/photo/1,10,10,Pepper,pupper,https://pbs.twimg.com/media/CWEWClfW4AAnqhG.jpg,1,pug,0.8839520000000001,True,Boston_bull,0.0110568,True,French_bulldog,0.00983981,True
675740360753160193,296,1062,Here's a pupper licking in slow motion. 12/10 please enjoy https://t.co/AUJi8ujxw9,2015-12-12 18:13:51+00:00,https://twitter.com/dog_rates/status/675740360753160193/video/1,12,10,None,pupper,https://pbs.twimg.com/ext_tw_video_thumb/675740268751138818/pu/img/dVaVeFAVT-lk_1ZV.jpg,1,golden_retriever,0.800495,True,kuvasz,0.0977564,True,Saluki,0.0684146,True
675334060156301312,1135,2492,Good morning here's a grass pupper. 12/10 https://t.co/2d68FmWGGs,2015-12-11 15:19:21+00:00,"https://twitter.com/dog_rates/status/675334060156301312/photo/1,https://twitter.com/dog_rates/status/675334060156301312/photo/1",12,10,None,pupper,https://pbs.twimg.com/media/CV9EvZNUwAAgLCK.jpg,2,Pembroke,0.773135,True,Cardigan,0.11681,True,chow,0.0390362,True
674737130913071104,80,580,Meet Rufio. He is unaware of the pink legless pupper wrapped around him. Might want to get that checked 10/10 &amp; 4/10 https://t.co/KNfLnYPmYh,2015-12-09 23:47:22+00:00,https://twitter.com/dog_rates/status/674737130913071104/photo/1,10,10,Rufio,pupper,https://pbs.twimg.com/media/CV0l10AU8AAfg-a.jpg,1,Pomeranian,0.948537,True,schipperke,0.0143098999999999,True,Chihuahua,0.00812024,True
674638615994089473,514,1518,This pupper is fed up with being tickled. 12/10 I'm currently working on an elaborate heist to steal this dog https://t.co/F33n1hy3LL,2015-12-09 17:15:54+00:00,https://twitter.com/dog_rates/status/674638615994089473/photo/1,12,10,None,pupper,https://pbs.twimg.com/media/CVzMPh1UsAELQ_p.jpg,1,Pomeranian,0.846986,True,chow,0.142014,True,keeshond,0.00260504,True
674447403907457024,315,958,This pupper just wants a belly rub. This pupper has nothing to do w the tree being sideways now. 10/10 good pupper https://t.co/AyJ7Ohk71f,2015-12-09 04:36:06+00:00,https://twitter.com/dog_rates/status/674447403907457024/photo/1,10,10,None,pupper,https://pbs.twimg.com/media/CVweVUfW4AACPwI.jpg,1,Brabancon_griffon,0.409909,True,malinois,0.2446489999999999,True,bull_mastiff,0.0748195,True
674262580978937856,385,1177,This is Gus. He's super stoked about being an elephant. Couldn't be happier. 9/10 for elephant pupper https://t.co/gJS1qU0jP7,2015-12-08 16:21:41+00:00,https://twitter.com/dog_rates/status/674262580978937856/photo/1,9,10,Gus,pupper,https://pbs.twimg.com/media/CVt2PawWIAEUkqW.jpg,1,Greater_Swiss_Mountain_dog,0.519428,True,boxer,0.1215,True,Staffordshire_bullterrier,0.114498,True
674038233588723717,369,981,This is Kaiya. She's an aspiring shoe model. 12/10 follow your dreams pupper https://t.co/nX8FiGRHvk,2015-12-08 01:30:12+00:00,https://twitter.com/dog_rates/status/674038233588723717/photo/1,12,10,Kaiya,pupper,https://pbs.twimg.com/media/CVqqMtiVEAEye_L.jpg,1,Eskimo_dog,0.358459,True,Norwegian_elkhound,0.206963,True,malamute,0.1482359999999999,True
673956914389192708,839,1752,This is one esteemed pupper. Just graduated college. 10/10 what a champ https://t.co/nyReCVRiyd,2015-12-07 20:07:04+00:00,https://twitter.com/dog_rates/status/673956914389192708/photo/1,10,10,one,pupper,https://pbs.twimg.com/media/CVpgPGwWoAEV7gG.jpg,1,pug,0.5861609999999999,True,Brabancon_griffon,0.0827437,True,Chihuahua,0.0458777,True
673707060090052608,346,991,This is Raymond. He's absolutely terrified of floating tennis ball. 10/10 it'll be ok pupper https://t.co/QyH1CaY3SM,2015-12-07 03:34:14+00:00,"https://twitter.com/dog_rates/status/673707060090052608/photo/1,https://twitter.com/dog_rates/status/673707060090052608/photo/1",10,10,Raymond,pupper,https://pbs.twimg.com/media/CVl8_EPWoAAcuSC.jpg,1,German_short-haired_pointer,0.935771,True,kelpie,0.022561,True,Labrador_retriever,0.00884665,True
673656262056419329,199,650,This is Albert AKA King Banana Peel. He's a kind ruler of the kitchen. Very jubilant pupper. 10/10 overall great dog https://t.co/PN8hxgZ9We,2015-12-07 00:12:23+00:00,https://twitter.com/dog_rates/status/673656262056419329/photo/1,10,10,Albert,pupper,https://pbs.twimg.com/media/CVlOy3pW4AQ9H1K.jpg,1,bull_mastiff,0.700625,True,Rhodesian_ridgeback,0.0946977,True,Brabancon_griffon,0.0575594,True
673295268553605120,2756,6740,Meet Eve. She's a raging alcoholic 8/10 (would b 11/10 but pupper alcoholism is a tragic issue that I can't condone) https://t.co/U36HYQIijg,2015-12-06 00:17:55+00:00,https://twitter.com/dog_rates/status/673295268553605120/photo/1,8,10,Eve,pupper,https://pbs.twimg.com/media/CVgGc9hWIAIe1bn.jpg,1,golden_retriever,0.889241,True,Labrador_retriever,0.0646833,True,Great_Pyrenees,0.0126126,True
672988786805112832,254,879,This is Schnozz. He's had a blurred tail since birth. Hasn't let that stop him. 10/10 inspirational pupper https://t.co/a3zYMcvbXG,2015-12-05 04:00:04+00:00,https://twitter.com/dog_rates/status/672988786805112832/photo/1,10,10,Schnozz,pupper,https://pbs.twimg.com/media/CVbvjKqW4AA_CuD.jpg,1,Lakeland_terrier,0.8366319999999999,True,West_Highland_white_terrier,0.0738996,True,wire-haired_fox_terrier,0.0381601,True
672975131468300288,783,1497,This is Chuckles. He is one skeptical pupper. 10/10 stay woke Chuckles https://t.co/ZlcF0TIRW1,2015-12-05 03:05:49+00:00,https://twitter.com/dog_rates/status/672975131468300288/photo/1,10,10,Chuckles,pupper,https://pbs.twimg.com/media/CVbjRSIWsAElw2s.jpg,1,pug,0.8364209999999999,True,Brabancon_griffon,0.0446678,True,French_bulldog,0.0365705,True
672622327801233409,423,1152,This lil pupper is sad because we haven't found Kony yet. RT to spread awareness. 12/10 would pet firmly https://t.co/Cv7dRdcMvQ,2015-12-04 03:43:54+00:00,https://twitter.com/dog_rates/status/672622327801233409/photo/1,12,10,None,pupper,https://pbs.twimg.com/media/CVWicBbUYAIomjC.jpg,1,golden_retriever,0.952773,True,Labrador_retriever,0.010835,True,clumber,0.00878601,True
672594978741354496,531,1180,Meet Scott. Just trying to catch his train to work. Doesn't need everybody staring. 9/10 ignore the haters pupper https://t.co/jyXbZ35MYz,2015-12-04 01:55:13+00:00,https://twitter.com/dog_rates/status/672594978741354496/photo/1,9,10,Scott,pupper,https://pbs.twimg.com/media/CVWJkJXWsAInlZl.jpg,1,Great_Pyrenees,0.755945,True,Old_English_sheepdog,0.0823368,True,Afghan_hound,0.0270365999999999,True
672481316919734272,110,640,Say hello to Jazz. She should be on the cover of Vogue. 12/10 gorgeous pupper https://t.co/mVCMemhXAP,2015-12-03 18:23:34+00:00,https://twitter.com/dog_rates/status/672481316919734272/photo/1,12,10,Jazz,pupper,https://pbs.twimg.com/media/CVUiMUeW4AEQgkU.jpg,1,Border_collie,0.599454,True,collie,0.106227,True,Shetland_sheepdog,0.0944648999999999,True
672254177670729728,652,1277,This is Rolf. He's having the time of his life. 11/10 good pupper https://t.co/OO6MqEbqG3,2015-12-03 03:21:00+00:00,https://twitter.com/dog_rates/status/672254177670729728/photo/1,11,10,Rolf,pupper,https://pbs.twimg.com/media/CVRTmz1WcAA4uMF.jpg,1,pug,0.979487,True,French_bulldog,0.0168504,True,Norwegian_elkhound,0.00161754,True
672160042234327040,304,767,This is Bubba. He's a Titted Peebles Aorta. Evolutionary masterpiece. Comfortable with his body. 8/10 great pupper https://t.co/aNkkl5nH3W,2015-12-02 21:06:56+00:00,https://twitter.com/dog_rates/status/672160042234327040/photo/1,8,10,Bubba,pupper,https://pbs.twimg.com/media/CVP9_beUEAAwURR.jpg,1,pug,0.561027,True,French_bulldog,0.2221139999999999,True,Labrador_retriever,0.0654556,True
